id;email;tag;first_name;last_name;birth_date;minimal_age;maximal_age
5d4f9dc62d66;f44789e0-6a33-407e-bf01-5d4f9dc62d66@gmail.com;f44789e0-6a33-407e-bf01-5d4f9dc62d66;f44789e0-6a33-407e;bf01-5d4f9dc62d66;12-12-1957;18;57
2229f69f0e18;8e25ae70-4271-4a8d-b715-2229f69f0e18@gmail.com;8e25ae70-4271-4a8d-b715-2229f69f0e18;8e25ae70-4271-4a8d;b715-2229f69f0e18;27-11-1963;22;61
b02d453f9e5d;4440f78a-c04d-481c-83d5-b02d453f9e5d@gmail.com;4440f78a-c04d-481c-83d5-b02d453f9e5d;4440f78a-c04d-481c;83d5-b02d453f9e5d;11-10-1999;19;60
64910e55c893;bc8fb80c-73e1-4b27-a942-64910e55c893@gmail.com;bc8fb80c-73e1-4b27-a942-64910e55c893;bc8fb80c-73e1-4b27;a942-64910e55c893;19-12-1982;25;58
2daa4c63c793;e492ebcf-2aad-4994-9f2c-2daa4c63c793@gmail.com;e492ebcf-2aad-4994-9f2c-2daa4c63c793;e492ebcf-2aad-4994;9f2c-2daa4c63c793;27-11-1988;23;68
bb91671e0579;e971fc9f-7f85-4ccc-8b57-bb91671e0579@gmail.com;e971fc9f-7f85-4ccc-8b57-bb91671e0579;e971fc9f-7f85-4ccc;8b57-bb91671e0579;20-11-1966;25;59
d974e5233941;3dbf2898-2db1-4ed4-8bc0-d974e5233941@gmail.com;3dbf2898-2db1-4ed4-8bc0-d974e5233941;3dbf2898-2db1-4ed4;8bc0-d974e5233941;17-12-1975;19;59
7fda892e7bbe;e3d1611c-44be-4926-8def-7fda892e7bbe@gmail.com;e3d1611c-44be-4926-8def-7fda892e7bbe;e3d1611c-44be-4926;8def-7fda892e7bbe;13-10-1971;22;58
a1a60da141b6;4c859084-3122-4fec-a475-a1a60da141b6@gmail.com;4c859084-3122-4fec-a475-a1a60da141b6;4c859084-3122-4fec;a475-a1a60da141b6;22-11-1995;20;58
dedb0e441ff7;1f30b8ae-1a09-4d70-b3e5-dedb0e441ff7@gmail.com;1f30b8ae-1a09-4d70-b3e5-dedb0e441ff7;1f30b8ae-1a09-4d70;b3e5-dedb0e441ff7;11-10-1996;21;59
833df8b0af51;fc44c22e-098f-4c26-9773-833df8b0af51@gmail.com;fc44c22e-098f-4c26-9773-833df8b0af51;fc44c22e-098f-4c26;9773-833df8b0af51;26-12-1956;21;68
a606680c916b;8d4de2da-328b-4aa9-9296-a606680c916b@gmail.com;8d4de2da-328b-4aa9-9296-a606680c916b;8d4de2da-328b-4aa9;9296-a606680c916b;18-10-1958;24;60
d048aeb76208;08c16e6a-095a-4f82-9adb-d048aeb76208@gmail.com;08c16e6a-095a-4f82-9adb-d048aeb76208;08c16e6a-095a-4f82;9adb-d048aeb76208;10-11-1954;20;55
7af8bfc973c5;8b4d82e8-b13c-4252-8cfc-7af8bfc973c5@gmail.com;8b4d82e8-b13c-4252-8cfc-7af8bfc973c5;8b4d82e8-b13c-4252;8cfc-7af8bfc973c5;25-11-1959;20;70
3b3db5962613;87fc344d-8521-488a-85a3-3b3db5962613@gmail.com;87fc344d-8521-488a-85a3-3b3db5962613;87fc344d-8521-488a;85a3-3b3db5962613;23-11-1965;23;65
cc767de8a765;9ea8fb02-c6e1-438a-896f-cc767de8a765@gmail.com;9ea8fb02-c6e1-438a-896f-cc767de8a765;9ea8fb02-c6e1-438a;896f-cc767de8a765;18-10-1978;23;64
1a79fcf6cd15;210cefbb-a6f5-4d18-a6ad-1a79fcf6cd15@gmail.com;210cefbb-a6f5-4d18-a6ad-1a79fcf6cd15;210cefbb-a6f5-4d18;a6ad-1a79fcf6cd15;13-12-1967;21;63
e2a84cf8c64a;cef4736b-df50-4fdf-8762-e2a84cf8c64a@gmail.com;cef4736b-df50-4fdf-8762-e2a84cf8c64a;cef4736b-df50-4fdf;8762-e2a84cf8c64a;12-12-1996;21;60
d37d644f68f4;10c34db1-943e-4c04-bca8-d37d644f68f4@gmail.com;10c34db1-943e-4c04-bca8-d37d644f68f4;10c34db1-943e-4c04;bca8-d37d644f68f4;11-10-1992;18;57
59600f68e394;fbfca31a-7193-4746-af94-59600f68e394@gmail.com;fbfca31a-7193-4746-af94-59600f68e394;fbfca31a-7193-4746;af94-59600f68e394;18-10-1997;24;56
a6207c6d76a1;c9903e46-cf8d-48a5-a4fd-a6207c6d76a1@gmail.com;c9903e46-cf8d-48a5-a4fd-a6207c6d76a1;c9903e46-cf8d-48a5;a4fd-a6207c6d76a1;17-11-1977;19;55
4b28e5e6e1ac;b92d8f01-d527-4d2f-ab21-4b28e5e6e1ac@gmail.com;b92d8f01-d527-4d2f-ab21-4b28e5e6e1ac;b92d8f01-d527-4d2f;ab21-4b28e5e6e1ac;20-11-2000;23;68
c143ca22b8be;4d0f79aa-38c9-491c-b4f8-c143ca22b8be@gmail.com;4d0f79aa-38c9-491c-b4f8-c143ca22b8be;4d0f79aa-38c9-491c;b4f8-c143ca22b8be;10-10-1958;24;60
488797be1475;24d36070-4d90-47f9-b8b8-488797be1475@gmail.com;24d36070-4d90-47f9-b8b8-488797be1475;24d36070-4d90-47f9;b8b8-488797be1475;23-12-1980;19;68
94fd3ad1058c;b071d0aa-3994-49fa-b968-94fd3ad1058c@gmail.com;b071d0aa-3994-49fa-b968-94fd3ad1058c;b071d0aa-3994-49fa;b968-94fd3ad1058c;12-12-1957;18;57
61c9c2a73bb2;a9867bcc-49b1-4b80-a7db-61c9c2a73bb2@gmail.com;a9867bcc-49b1-4b80-a7db-61c9c2a73bb2;a9867bcc-49b1-4b80;a7db-61c9c2a73bb2;27-11-1963;20;63
b67c38f213eb;590b2201-0914-4af8-9e47-b67c38f213eb@gmail.com;590b2201-0914-4af8-9e47-b67c38f213eb;590b2201-0914-4af8;9e47-b67c38f213eb;11-10-1999;21;70
62dc3dec9339;f56277d4-b443-49e7-9933-62dc3dec9339@gmail.com;f56277d4-b443-49e7-9933-62dc3dec9339;f56277d4-b443-49e7;9933-62dc3dec9339;19-12-1982;22;69
018cf1447ee0;3588204c-a88b-4222-bf40-018cf1447ee0@gmail.com;3588204c-a88b-4222-bf40-018cf1447ee0;3588204c-a88b-4222;bf40-018cf1447ee0;27-11-1988;19;55
2129d8337358;abdb5d0c-d43c-4c83-a3fc-2129d8337358@gmail.com;abdb5d0c-d43c-4c83-a3fc-2129d8337358;abdb5d0c-d43c-4c83;a3fc-2129d8337358;20-11-1966;19;60
585bfad0f579;b428c4d3-cdbb-40e6-9cc4-585bfad0f579@gmail.com;b428c4d3-cdbb-40e6-9cc4-585bfad0f579;b428c4d3-cdbb-40e6;9cc4-585bfad0f579;17-12-1975;23;67
13aef73a922b;97a0092b-5cc6-4d39-898b-13aef73a922b@gmail.com;97a0092b-5cc6-4d39-898b-13aef73a922b;97a0092b-5cc6-4d39;898b-13aef73a922b;13-10-1971;20;70
a4a8dc16e6db;335854a1-e3de-4707-a553-a4a8dc16e6db@gmail.com;335854a1-e3de-4707-a553-a4a8dc16e6db;335854a1-e3de-4707;a553-a4a8dc16e6db;22-11-1995;24;61
951c729b0b8c;bbb86d0a-08df-481c-9b59-951c729b0b8c@gmail.com;bbb86d0a-08df-481c-9b59-951c729b0b8c;bbb86d0a-08df-481c;9b59-951c729b0b8c;11-10-1996;20;57
45deaaa86ecd;14140db1-5286-4545-bc96-45deaaa86ecd@gmail.com;14140db1-5286-4545-bc96-45deaaa86ecd;14140db1-5286-4545;bc96-45deaaa86ecd;26-12-1956;24;64
d7e776ca5f3d;33ac8572-4e61-4a1f-a74c-d7e776ca5f3d@gmail.com;33ac8572-4e61-4a1f-a74c-d7e776ca5f3d;33ac8572-4e61-4a1f;a74c-d7e776ca5f3d;18-10-1958;19;63
4330ff6919d0;e897700a-edea-4150-872b-4330ff6919d0@gmail.com;e897700a-edea-4150-872b-4330ff6919d0;e897700a-edea-4150;872b-4330ff6919d0;10-11-1954;24;70
5774cca45bd1;9d697a51-d636-4c8b-ba43-5774cca45bd1@gmail.com;9d697a51-d636-4c8b-ba43-5774cca45bd1;9d697a51-d636-4c8b;ba43-5774cca45bd1;25-11-1959;25;63
5108f06d0690;8077ed69-e5cb-490f-8b70-5108f06d0690@gmail.com;8077ed69-e5cb-490f-8b70-5108f06d0690;8077ed69-e5cb-490f;8b70-5108f06d0690;23-11-1965;20;57
7d74c1ac175e;abbfca5e-34d0-41d4-b531-7d74c1ac175e@gmail.com;abbfca5e-34d0-41d4-b531-7d74c1ac175e;abbfca5e-34d0-41d4;b531-7d74c1ac175e;18-10-1978;22;61
9eeb2d3502cc;252fae04-a94f-4636-8099-9eeb2d3502cc@gmail.com;252fae04-a94f-4636-8099-9eeb2d3502cc;252fae04-a94f-4636;8099-9eeb2d3502cc;13-12-1967;24;65
2fe1ec2515d8;36e308e9-1cb4-4f4e-98bb-2fe1ec2515d8@gmail.com;36e308e9-1cb4-4f4e-98bb-2fe1ec2515d8;36e308e9-1cb4-4f4e;98bb-2fe1ec2515d8;12-12-1996;25;68
bf61bfa3892d;5ddc9ecd-8288-4bcc-a672-bf61bfa3892d@gmail.com;5ddc9ecd-8288-4bcc-a672-bf61bfa3892d;5ddc9ecd-8288-4bcc;a672-bf61bfa3892d;11-10-1992;22;69
8896824fdc44;a92575bc-a82f-4aaa-8b7d-8896824fdc44@gmail.com;a92575bc-a82f-4aaa-8b7d-8896824fdc44;a92575bc-a82f-4aaa;8b7d-8896824fdc44;18-10-1997;19;70
649e865e2eaf;0aa0209b-8f70-4d72-89f7-649e865e2eaf@gmail.com;0aa0209b-8f70-4d72-89f7-649e865e2eaf;0aa0209b-8f70-4d72;89f7-649e865e2eaf;17-11-1977;22;70
41d29c80094b;10c7776c-d224-4394-8794-41d29c80094b@gmail.com;10c7776c-d224-4394-8794-41d29c80094b;10c7776c-d224-4394;8794-41d29c80094b;20-11-2000;19;64
d74259106f7e;153298b8-5d81-44c3-990d-d74259106f7e@gmail.com;153298b8-5d81-44c3-990d-d74259106f7e;153298b8-5d81-44c3;990d-d74259106f7e;10-10-1958;21;57
b8d29c14c5cc;92dc5f1c-ef7a-4565-9e83-b8d29c14c5cc@gmail.com;92dc5f1c-ef7a-4565-9e83-b8d29c14c5cc;92dc5f1c-ef7a-4565;9e83-b8d29c14c5cc;23-12-1980;18;57
170e8cbeed2c;b04a5df3-f6b3-48b4-a4a3-170e8cbeed2c@gmail.com;b04a5df3-f6b3-48b4-a4a3-170e8cbeed2c;b04a5df3-f6b3-48b4;a4a3-170e8cbeed2c;20-11-1965;18;61
5e47a287f0d3;f0b176e9-3e7c-41f2-95b4-5e47a287f0d3@gmail.com;f0b176e9-3e7c-41f2-95b4-5e47a287f0d3;f0b176e9-3e7c-41f2;95b4-5e47a287f0d3;25-11-1987;23;55
1f8cd67d696d;385b37ef-5c18-414f-bda5-1f8cd67d696d@gmail.com;385b37ef-5c18-414f-bda5-1f8cd67d696d;385b37ef-5c18-414f;bda5-1f8cd67d696d;27-11-1974;20;70
38d80a4d65fb;c334aa46-f345-47cd-9b13-38d80a4d65fb@gmail.com;c334aa46-f345-47cd-9b13-38d80a4d65fb;c334aa46-f345-47cd;9b13-38d80a4d65fb;26-10-1957;19;58
9dd91bc33590;5d4a0b52-da03-4aa9-88a7-9dd91bc33590@gmail.com;5d4a0b52-da03-4aa9-88a7-9dd91bc33590;5d4a0b52-da03-4aa9;88a7-9dd91bc33590;23-11-1989;20;63
b666d59ef3cd;46c46af7-e331-4ef6-98a3-b666d59ef3cd@gmail.com;46c46af7-e331-4ef6-98a3-b666d59ef3cd;46c46af7-e331-4ef6;98a3-b666d59ef3cd;10-12-1954;19;61
9bf0606e1547;1ca22d89-37c0-4e5c-9fa3-9bf0606e1547@gmail.com;1ca22d89-37c0-4e5c-9fa3-9bf0606e1547;1ca22d89-37c0-4e5c;9fa3-9bf0606e1547;14-10-1990;21;63
723abecc363c;e2030cc2-7ac9-447b-88a9-723abecc363c@gmail.com;e2030cc2-7ac9-447b-88a9-723abecc363c;e2030cc2-7ac9-447b;88a9-723abecc363c;26-10-1964;21;64
e828444f1a9d;dbbe055a-0dd3-4ba2-bef2-e828444f1a9d@gmail.com;dbbe055a-0dd3-4ba2-bef2-e828444f1a9d;dbbe055a-0dd3-4ba2;bef2-e828444f1a9d;12-12-1957;24;56
a2174449a57a;4f36ad35-54e0-41f5-a5da-a2174449a57a@gmail.com;4f36ad35-54e0-41f5-a5da-a2174449a57a;4f36ad35-54e0-41f5;a5da-a2174449a57a;27-11-1963;21;55
f84cfd5f5a3a;9584c1f7-98b7-4990-b137-f84cfd5f5a3a@gmail.com;9584c1f7-98b7-4990-b137-f84cfd5f5a3a;9584c1f7-98b7-4990;b137-f84cfd5f5a3a;11-10-1999;22;55
c467266fdd88;e00dfe30-0c1a-483e-a980-c467266fdd88@gmail.com;e00dfe30-0c1a-483e-a980-c467266fdd88;e00dfe30-0c1a-483e;a980-c467266fdd88;19-12-1982;22;61
31ebb0b83eb8;fb4c524a-326b-47ca-91b9-31ebb0b83eb8@gmail.com;fb4c524a-326b-47ca-91b9-31ebb0b83eb8;fb4c524a-326b-47ca;91b9-31ebb0b83eb8;27-11-1988;25;67
a1c250bcd872;654be410-5e58-4cba-a04a-a1c250bcd872@gmail.com;654be410-5e58-4cba-a04a-a1c250bcd872;654be410-5e58-4cba;a04a-a1c250bcd872;20-11-1966;20;69
0c379c935d01;a2ac177a-be8a-45d6-bab2-0c379c935d01@gmail.com;a2ac177a-be8a-45d6-bab2-0c379c935d01;a2ac177a-be8a-45d6;bab2-0c379c935d01;17-12-1975;20;60
078c36abe86e;61eb9ac8-2ce8-498b-ac2b-078c36abe86e@gmail.com;61eb9ac8-2ce8-498b-ac2b-078c36abe86e;61eb9ac8-2ce8-498b;ac2b-078c36abe86e;13-10-1971;18;59
6cd78dee8f1d;033af1da-ef63-432b-bbe4-6cd78dee8f1d@gmail.com;033af1da-ef63-432b-bbe4-6cd78dee8f1d;033af1da-ef63-432b;bbe4-6cd78dee8f1d;22-11-1995;24;63
0af0f322b9ae;6c0537a1-3f3f-404d-9532-0af0f322b9ae@gmail.com;6c0537a1-3f3f-404d-9532-0af0f322b9ae;6c0537a1-3f3f-404d;9532-0af0f322b9ae;11-10-1996;22;57
e05637b789df;f5d553a7-60a3-4236-ae24-e05637b789df@gmail.com;f5d553a7-60a3-4236-ae24-e05637b789df;f5d553a7-60a3-4236;ae24-e05637b789df;26-12-1956;25;61
0577e6152452;47455e20-5ff1-4554-a09f-0577e6152452@gmail.com;47455e20-5ff1-4554-a09f-0577e6152452;47455e20-5ff1-4554;a09f-0577e6152452;18-10-1958;21;63
6b96df45416c;3b0e786b-d431-4058-8ab3-6b96df45416c@gmail.com;3b0e786b-d431-4058-8ab3-6b96df45416c;3b0e786b-d431-4058;8ab3-6b96df45416c;10-11-1954;22;70
3429048677dc;26a128c4-7457-4949-8d3c-3429048677dc@gmail.com;26a128c4-7457-4949-8d3c-3429048677dc;26a128c4-7457-4949;8d3c-3429048677dc;25-11-1959;19;59
b344506509ea;4fb13ebd-6527-4882-a6c4-b344506509ea@gmail.com;4fb13ebd-6527-4882-a6c4-b344506509ea;4fb13ebd-6527-4882;a6c4-b344506509ea;23-11-1965;20;63
addbde8ae487;ae885c3e-6f86-42d4-bf47-addbde8ae487@gmail.com;ae885c3e-6f86-42d4-bf47-addbde8ae487;ae885c3e-6f86-42d4;bf47-addbde8ae487;18-10-1978;22;62
994dc62aa173;6e683c11-2fb5-4842-a8eb-994dc62aa173@gmail.com;6e683c11-2fb5-4842-a8eb-994dc62aa173;6e683c11-2fb5-4842;a8eb-994dc62aa173;13-12-1967;21;56
0a0d07ae8596;bc1df277-b5d9-4a19-95a3-0a0d07ae8596@gmail.com;bc1df277-b5d9-4a19-95a3-0a0d07ae8596;bc1df277-b5d9-4a19;95a3-0a0d07ae8596;12-12-1996;20;63
a05c26258297;d93bb1d6-fcc5-4e85-928f-a05c26258297@gmail.com;d93bb1d6-fcc5-4e85-928f-a05c26258297;d93bb1d6-fcc5-4e85;928f-a05c26258297;11-10-1992;20;56
abf726820f15;a9fbdee4-f9f5-40d0-86ff-abf726820f15@gmail.com;a9fbdee4-f9f5-40d0-86ff-abf726820f15;a9fbdee4-f9f5-40d0;86ff-abf726820f15;18-10-1997;25;68
ea3c9f3480b1;3af78a82-850f-4ed0-833a-ea3c9f3480b1@gmail.com;3af78a82-850f-4ed0-833a-ea3c9f3480b1;3af78a82-850f-4ed0;833a-ea3c9f3480b1;17-11-1977;23;70
911def7e471f;cdb283ec-11d9-4fc3-a223-911def7e471f@gmail.com;cdb283ec-11d9-4fc3-a223-911def7e471f;cdb283ec-11d9-4fc3;a223-911def7e471f;20-11-2000;19;65
88f791f02279;1262cbf6-b6f1-42da-ac7a-88f791f02279@gmail.com;1262cbf6-b6f1-42da-ac7a-88f791f02279;1262cbf6-b6f1-42da;ac7a-88f791f02279;10-10-1958;22;67
70c614c7b570;4f7bfbb2-9dba-4609-bb09-70c614c7b570@gmail.com;4f7bfbb2-9dba-4609-bb09-70c614c7b570;4f7bfbb2-9dba-4609;bb09-70c614c7b570;23-12-1980;25;69
a6421b28d8e4;cd1a0709-6109-4188-a305-a6421b28d8e4@gmail.com;cd1a0709-6109-4188-a305-a6421b28d8e4;cd1a0709-6109-4188;a305-a6421b28d8e4;27-12-1964;23;60
04eb6e8ac3a8;3e26b02f-d7c9-4536-9d70-04eb6e8ac3a8@gmail.com;3e26b02f-d7c9-4536-9d70-04eb6e8ac3a8;3e26b02f-d7c9-4536;9d70-04eb6e8ac3a8;16-10-1954;23;69
9924acd05e9a;6346930f-74da-4192-becc-9924acd05e9a@gmail.com;6346930f-74da-4192-becc-9924acd05e9a;6346930f-74da-4192;becc-9924acd05e9a;22-10-1989;24;70
60f1aba70ffa;e57af0ee-0ba0-49a0-afbb-60f1aba70ffa@gmail.com;e57af0ee-0ba0-49a0-afbb-60f1aba70ffa;e57af0ee-0ba0-49a0;afbb-60f1aba70ffa;10-12-1993;20;64
0ecf9e26d6b8;f20024bd-b8c9-44be-96ef-0ecf9e26d6b8@gmail.com;f20024bd-b8c9-44be-96ef-0ecf9e26d6b8;f20024bd-b8c9-44be;96ef-0ecf9e26d6b8;24-10-1967;19;68
bcd61ef283d3;586d0aea-4a39-493a-986c-bcd61ef283d3@gmail.com;586d0aea-4a39-493a-986c-bcd61ef283d3;586d0aea-4a39-493a;986c-bcd61ef283d3;12-10-1968;22;67
5eaf278513e1;6d2d8e93-9dc8-41ed-8edb-5eaf278513e1@gmail.com;6d2d8e93-9dc8-41ed-8edb-5eaf278513e1;6d2d8e93-9dc8-41ed;8edb-5eaf278513e1;17-10-1989;19;61
9047a3f80b9d;83fdf08d-672f-4142-a138-9047a3f80b9d@gmail.com;83fdf08d-672f-4142-a138-9047a3f80b9d;83fdf08d-672f-4142;a138-9047a3f80b9d;16-11-1998;21;68
55aebd1cc635;7db8ca1b-33e0-4826-a11f-55aebd1cc635@gmail.com;7db8ca1b-33e0-4826-a11f-55aebd1cc635;7db8ca1b-33e0-4826;a11f-55aebd1cc635;22-10-1982;25;58
e6d040418a30;f2c8b664-3968-418c-a2c9-e6d040418a30@gmail.com;f2c8b664-3968-418c-a2c9-e6d040418a30;f2c8b664-3968-418c;a2c9-e6d040418a30;21-11-1987;22;63
cbe3f6177a4d;9f13f88e-58fc-4d2c-b18d-cbe3f6177a4d@gmail.com;9f13f88e-58fc-4d2c-b18d-cbe3f6177a4d;9f13f88e-58fc-4d2c;b18d-cbe3f6177a4d;14-11-1980;18;65
d6151368a0fa;85733a7c-38d3-4c8a-bf1d-d6151368a0fa@gmail.com;85733a7c-38d3-4c8a-bf1d-d6151368a0fa;85733a7c-38d3-4c8a;bf1d-d6151368a0fa;12-10-1988;18;64
f205af5dbe1a;9be6dfc5-675e-4621-904e-f205af5dbe1a@gmail.com;9be6dfc5-675e-4621-904e-f205af5dbe1a;9be6dfc5-675e-4621;904e-f205af5dbe1a;22-10-1993;25;69
49b7b7ba2818;04dd59d0-5ff0-4c3f-a4e0-49b7b7ba2818@gmail.com;04dd59d0-5ff0-4c3f-a4e0-49b7b7ba2818;04dd59d0-5ff0-4c3f;a4e0-49b7b7ba2818;21-12-1955;18;61
18ac7749ffc9;2d7437df-292d-4bee-8340-18ac7749ffc9@gmail.com;2d7437df-292d-4bee-8340-18ac7749ffc9;2d7437df-292d-4bee;8340-18ac7749ffc9;20-11-1965;20;69
e456b81bd494;54e0aed0-2dd1-4b63-8a11-e456b81bd494@gmail.com;54e0aed0-2dd1-4b63-8a11-e456b81bd494;54e0aed0-2dd1-4b63;8a11-e456b81bd494;25-11-1987;21;56
03f3e4554fde;de9c7109-16a5-4a5f-a67a-03f3e4554fde@gmail.com;de9c7109-16a5-4a5f-a67a-03f3e4554fde;de9c7109-16a5-4a5f;a67a-03f3e4554fde;27-11-1974;20;59
257750758f89;b1a6b9c5-08a5-47d9-a425-257750758f89@gmail.com;b1a6b9c5-08a5-47d9-a425-257750758f89;b1a6b9c5-08a5-47d9;a425-257750758f89;26-10-1957;22;66
83e31991639b;e0e821c0-6c51-482c-872a-83e31991639b@gmail.com;e0e821c0-6c51-482c-872a-83e31991639b;e0e821c0-6c51-482c;872a-83e31991639b;23-11-1989;22;67
18024b8cfffe;0105cf4e-acb6-4505-95e1-18024b8cfffe@gmail.com;0105cf4e-acb6-4505-95e1-18024b8cfffe;0105cf4e-acb6-4505;95e1-18024b8cfffe;10-12-1954;19;62
95c4371747d4;fd553941-def7-43ae-a447-95c4371747d4@gmail.com;fd553941-def7-43ae-a447-95c4371747d4;fd553941-def7-43ae;a447-95c4371747d4;14-10-1990;21;70
85bad8006fbf;5ebe46e3-81a3-493a-9c66-85bad8006fbf@gmail.com;5ebe46e3-81a3-493a-9c66-85bad8006fbf;5ebe46e3-81a3-493a;9c66-85bad8006fbf;26-10-1964;25;62
a2a692faf98a;d37338e5-dd77-404e-a51b-a2a692faf98a@gmail.com;d37338e5-dd77-404e-a51b-a2a692faf98a;d37338e5-dd77-404e;a51b-a2a692faf98a;21-12-1985;24;60
f0811df9c3e0;a2cd12bc-1615-47d4-9fb4-f0811df9c3e0@gmail.com;a2cd12bc-1615-47d4-9fb4-f0811df9c3e0;a2cd12bc-1615-47d4;9fb4-f0811df9c3e0;10-11-2000;20;69
3122ebfb7dd0;074891bb-566c-4363-a253-3122ebfb7dd0@gmail.com;074891bb-566c-4363-a253-3122ebfb7dd0;074891bb-566c-4363;a253-3122ebfb7dd0;19-12-1978;24;69
37241361018d;19bcbd62-c333-4c66-9eb7-37241361018d@gmail.com;19bcbd62-c333-4c66-9eb7-37241361018d;19bcbd62-c333-4c66;9eb7-37241361018d;19-10-1982;24;68
1c346317b51b;c1556d9d-d70c-4d41-a297-1c346317b51b@gmail.com;c1556d9d-d70c-4d41-a297-1c346317b51b;c1556d9d-d70c-4d41;a297-1c346317b51b;16-12-1979;23;55
24c508010e3a;c264d5a6-4754-4fe1-bce0-24c508010e3a@gmail.com;c264d5a6-4754-4fe1-bce0-24c508010e3a;c264d5a6-4754-4fe1;bce0-24c508010e3a;21-10-1958;20;56
574dbc53b901;f72ef8de-fc74-4c06-a4c6-574dbc53b901@gmail.com;f72ef8de-fc74-4c06-a4c6-574dbc53b901;f72ef8de-fc74-4c06;a4c6-574dbc53b901;19-11-1969;20;55
836f1ce05cf5;65e31921-e3d7-483a-a428-836f1ce05cf5@gmail.com;65e31921-e3d7-483a-a428-836f1ce05cf5;65e31921-e3d7-483a;a428-836f1ce05cf5;21-11-1957;23;58
4588661e585f;b6a5bc31-ebee-452b-ad81-4588661e585f@gmail.com;b6a5bc31-ebee-452b-ad81-4588661e585f;b6a5bc31-ebee-452b;ad81-4588661e585f;13-11-2001;18;56
b0bee7fcfeac;6b5c869e-2917-46d9-8ddb-b0bee7fcfeac@gmail.com;6b5c869e-2917-46d9-8ddb-b0bee7fcfeac;6b5c869e-2917-46d9;8ddb-b0bee7fcfeac;20-12-1993;23;70
3c93b4a91240;ac715913-9589-4068-bc02-3c93b4a91240@gmail.com;ac715913-9589-4068-bc02-3c93b4a91240;ac715913-9589-4068;bc02-3c93b4a91240;16-10-1997;20;56
701da47fe0d5;fb189f30-ddbc-42c8-a43a-701da47fe0d5@gmail.com;fb189f30-ddbc-42c8-a43a-701da47fe0d5;fb189f30-ddbc-42c8;a43a-701da47fe0d5;12-11-1976;20;69
770a8d42f18f;dd96757f-6e45-4b8f-a2ae-770a8d42f18f@gmail.com;dd96757f-6e45-4b8f-a2ae-770a8d42f18f;dd96757f-6e45-4b8f;a2ae-770a8d42f18f;25-12-2003;18;58
55bda9e4c7d2;993c4040-fb54-4908-8e71-55bda9e4c7d2@gmail.com;993c4040-fb54-4908-8e71-55bda9e4c7d2;993c4040-fb54-4908;8e71-55bda9e4c7d2;21-12-1996;19;57
baef9454e033;6104250a-5938-4547-9fcb-baef9454e033@gmail.com;6104250a-5938-4547-9fcb-baef9454e033;6104250a-5938-4547;9fcb-baef9454e033;10-10-1968;25;66
7f5067fd151f;2a429ad5-249d-4d54-bd97-7f5067fd151f@gmail.com;2a429ad5-249d-4d54-bd97-7f5067fd151f;2a429ad5-249d-4d54;bd97-7f5067fd151f;14-11-1954;25;61
f8abf734b065;22290c71-83c5-4cce-85a0-f8abf734b065@gmail.com;22290c71-83c5-4cce-85a0-f8abf734b065;22290c71-83c5-4cce;85a0-f8abf734b065;23-10-1960;25;65
df2d2dff9da4;6c704378-eb72-4ffd-885f-df2d2dff9da4@gmail.com;6c704378-eb72-4ffd-885f-df2d2dff9da4;6c704378-eb72-4ffd;885f-df2d2dff9da4;18-10-1984;19;57
90613fba343b;a26d9dee-5cce-40b3-b1da-90613fba343b@gmail.com;a26d9dee-5cce-40b3-b1da-90613fba343b;a26d9dee-5cce-40b3;b1da-90613fba343b;11-11-2004;18;56
c0bee7746b8a;2dcb31dd-fed7-46ed-86f8-c0bee7746b8a@gmail.com;2dcb31dd-fed7-46ed-86f8-c0bee7746b8a;2dcb31dd-fed7-46ed;86f8-c0bee7746b8a;21-10-1957;22;64
2cf68877d3cb;2418d1f4-ce5c-4c13-9cb8-2cf68877d3cb@gmail.com;2418d1f4-ce5c-4c13-9cb8-2cf68877d3cb;2418d1f4-ce5c-4c13;9cb8-2cf68877d3cb;21-12-1988;22;55
5c90699b8797;3b403603-6925-4418-9580-5c90699b8797@gmail.com;3b403603-6925-4418-9580-5c90699b8797;3b403603-6925-4418;9580-5c90699b8797;20-11-1999;24;56
6c79d7867719;17fe97af-1896-4025-9aca-6c79d7867719@gmail.com;17fe97af-1896-4025-9aca-6c79d7867719;17fe97af-1896-4025;9aca-6c79d7867719;13-12-1963;19;67
e2046067a7e2;efeb10c6-29f0-43d6-9706-e2046067a7e2@gmail.com;efeb10c6-29f0-43d6-9706-e2046067a7e2;efeb10c6-29f0-43d6;9706-e2046067a7e2;23-11-2001;20;70
8bcf37b41e6c;619f7166-297b-468d-9cd7-8bcf37b41e6c@gmail.com;619f7166-297b-468d-9cd7-8bcf37b41e6c;619f7166-297b-468d;9cd7-8bcf37b41e6c;12-11-1977;18;56
5befcc90d3ad;3f391ca7-227a-4f5d-bdad-5befcc90d3ad@gmail.com;3f391ca7-227a-4f5d-bdad-5befcc90d3ad;3f391ca7-227a-4f5d;bdad-5befcc90d3ad;18-10-1999;23;56
9f62101ad31a;2d1a5f2a-1b46-40fe-b5f2-9f62101ad31a@gmail.com;2d1a5f2a-1b46-40fe-b5f2-9f62101ad31a;2d1a5f2a-1b46-40fe;b5f2-9f62101ad31a;11-11-1971;24;59
3662e6d37dc5;2767bbdf-7b28-494a-bba8-3662e6d37dc5@gmail.com;2767bbdf-7b28-494a-bba8-3662e6d37dc5;2767bbdf-7b28-494a;bba8-3662e6d37dc5;11-10-1985;18;67
3ed4b9e8e58d;675cd43c-2fe8-4f92-b02e-3ed4b9e8e58d@gmail.com;675cd43c-2fe8-4f92-b02e-3ed4b9e8e58d;675cd43c-2fe8-4f92;b02e-3ed4b9e8e58d;22-12-1981;24;69
8a2c33caba0a;ddfa491e-3a38-4e14-864f-8a2c33caba0a@gmail.com;ddfa491e-3a38-4e14-864f-8a2c33caba0a;ddfa491e-3a38-4e14;864f-8a2c33caba0a;25-12-1989;18;64
49cd303fa472;337a3c48-28c5-46a8-8ea7-49cd303fa472@gmail.com;337a3c48-28c5-46a8-8ea7-49cd303fa472;337a3c48-28c5-46a8;8ea7-49cd303fa472;12-10-1991;25;58
18f904c79368;bb306927-a24a-4ec4-9e33-18f904c79368@gmail.com;bb306927-a24a-4ec4-9e33-18f904c79368;bb306927-a24a-4ec4;9e33-18f904c79368;17-12-1979;22;60
a20043d36300;4b44e602-0761-4ef5-98cc-a20043d36300@gmail.com;4b44e602-0761-4ef5-98cc-a20043d36300;4b44e602-0761-4ef5;98cc-a20043d36300;26-11-1962;25;60
1e77c48698f6;16482176-e7b4-4842-8df7-1e77c48698f6@gmail.com;16482176-e7b4-4842-8df7-1e77c48698f6;16482176-e7b4-4842;8df7-1e77c48698f6;10-11-1975;24;62
092426e1d0b5;3e852f29-ec91-4d5f-97e4-092426e1d0b5@gmail.com;3e852f29-ec91-4d5f-97e4-092426e1d0b5;3e852f29-ec91-4d5f;97e4-092426e1d0b5;18-11-2001;25;69
7da0d08165b6;02d1972f-33bd-4431-b71f-7da0d08165b6@gmail.com;02d1972f-33bd-4431-b71f-7da0d08165b6;02d1972f-33bd-4431;b71f-7da0d08165b6;14-10-1979;22;57
aa2fe6a1b46e;24c93e29-d7a4-4c97-aeec-aa2fe6a1b46e@gmail.com;24c93e29-d7a4-4c97-aeec-aa2fe6a1b46e;24c93e29-d7a4-4c97;aeec-aa2fe6a1b46e;19-10-1960;21;60
8feae2c9af96;09db7326-409f-48c4-b216-8feae2c9af96@gmail.com;09db7326-409f-48c4-b216-8feae2c9af96;09db7326-409f-48c4;b216-8feae2c9af96;22-11-1987;21;58
91addd8310a7;8ed2774d-971c-42b6-b145-91addd8310a7@gmail.com;8ed2774d-971c-42b6-b145-91addd8310a7;8ed2774d-971c-42b6;b145-91addd8310a7;27-12-1983;25;68
081bbb54daaa;34816508-c26f-4730-83bd-081bbb54daaa@gmail.com;34816508-c26f-4730-83bd-081bbb54daaa;34816508-c26f-4730;83bd-081bbb54daaa;19-12-1955;18;63
a76aa7e00f0b;ba4086fe-2f32-4099-9dc2-a76aa7e00f0b@gmail.com;ba4086fe-2f32-4099-9dc2-a76aa7e00f0b;ba4086fe-2f32-4099;9dc2-a76aa7e00f0b;24-11-1978;21;59
a48f85350a9d;f50b0cef-6874-4ba8-a552-a48f85350a9d@gmail.com;f50b0cef-6874-4ba8-a552-a48f85350a9d;f50b0cef-6874-4ba8;a552-a48f85350a9d;11-12-1991;21;68
1baa0d947df2;e4a68188-2466-43bf-a50d-1baa0d947df2@gmail.com;e4a68188-2466-43bf-a50d-1baa0d947df2;e4a68188-2466-43bf;a50d-1baa0d947df2;20-10-1991;25;55
217cb9b81d55;5454403a-05e0-4460-bc18-217cb9b81d55@gmail.com;5454403a-05e0-4460-bc18-217cb9b81d55;5454403a-05e0-4460;bc18-217cb9b81d55;19-11-1967;18;55
cbca4783795f;f67d25a7-02f2-47a0-83e4-cbca4783795f@gmail.com;f67d25a7-02f2-47a0-83e4-cbca4783795f;f67d25a7-02f2-47a0;83e4-cbca4783795f;25-11-1974;21;61
b6e977c5d72b;51846264-633a-4004-954e-b6e977c5d72b@gmail.com;51846264-633a-4004-954e-b6e977c5d72b;51846264-633a-4004;954e-b6e977c5d72b;12-11-1979;22;69
7433fe6336a6;484c9ced-d790-429a-be87-7433fe6336a6@gmail.com;484c9ced-d790-429a-be87-7433fe6336a6;484c9ced-d790-429a;be87-7433fe6336a6;14-11-1956;23;55
141109544780;e69fc93d-641c-4753-9964-141109544780@gmail.com;e69fc93d-641c-4753-9964-141109544780;e69fc93d-641c-4753;9964-141109544780;17-12-1955;22;65
344414a4e924;56437d7b-4c52-4cd0-8e5f-344414a4e924@gmail.com;56437d7b-4c52-4cd0-8e5f-344414a4e924;56437d7b-4c52-4cd0;8e5f-344414a4e924;23-12-1954;20;64
e5cbd605b0d2;6d23f82a-84bf-4f14-97f0-e5cbd605b0d2@gmail.com;6d23f82a-84bf-4f14-97f0-e5cbd605b0d2;6d23f82a-84bf-4f14;97f0-e5cbd605b0d2;25-10-1983;21;55
eeea6a51c377;e1c112f4-5f1c-4f69-8807-eeea6a51c377@gmail.com;e1c112f4-5f1c-4f69-8807-eeea6a51c377;e1c112f4-5f1c-4f69;8807-eeea6a51c377;23-10-1963;18;69
a9a1fbaf0c6e;e60b1946-5e89-4536-b855-a9a1fbaf0c6e@gmail.com;e60b1946-5e89-4536-b855-a9a1fbaf0c6e;e60b1946-5e89-4536;b855-a9a1fbaf0c6e;25-12-1980;18;67
213b33e360f8;78fbddfa-ae13-43cc-b7aa-213b33e360f8@gmail.com;78fbddfa-ae13-43cc-b7aa-213b33e360f8;78fbddfa-ae13-43cc;b7aa-213b33e360f8;13-12-2001;21;69
93657c55b164;35282bb6-0704-4ce4-a993-93657c55b164@gmail.com;35282bb6-0704-4ce4-a993-93657c55b164;35282bb6-0704-4ce4;a993-93657c55b164;10-12-1963;22;62
67e8a428a5bf;d912c7f7-b9fb-40e6-8674-67e8a428a5bf@gmail.com;d912c7f7-b9fb-40e6-8674-67e8a428a5bf;d912c7f7-b9fb-40e6;8674-67e8a428a5bf;27-10-1993;20;63
a0c20f85ae48;8a055bab-f4d3-4071-93b3-a0c20f85ae48@gmail.com;8a055bab-f4d3-4071-93b3-a0c20f85ae48;8a055bab-f4d3-4071;93b3-a0c20f85ae48;25-11-1974;18;68
30ef0c97e726;1a4bdf1a-a5fc-41b6-bfed-30ef0c97e726@gmail.com;1a4bdf1a-a5fc-41b6-bfed-30ef0c97e726;1a4bdf1a-a5fc-41b6;bfed-30ef0c97e726;18-11-1968;24;59
e8176587940d;c9f72b61-0ce3-4f26-92fb-e8176587940d@gmail.com;c9f72b61-0ce3-4f26-92fb-e8176587940d;c9f72b61-0ce3-4f26;92fb-e8176587940d;23-12-1956;18;61
7db3f0fe6d35;3cfe8ad5-533b-48bf-9bcb-7db3f0fe6d35@gmail.com;3cfe8ad5-533b-48bf-9bcb-7db3f0fe6d35;3cfe8ad5-533b-48bf;9bcb-7db3f0fe6d35;23-11-1995;20;59
371c1e7c75c2;8d9e634b-3da2-4d6b-bf3b-371c1e7c75c2@gmail.com;8d9e634b-3da2-4d6b-bf3b-371c1e7c75c2;8d9e634b-3da2-4d6b;bf3b-371c1e7c75c2;23-10-1994;18;56
277f4bdfeaca;87fc7858-9a68-4cb9-b59d-277f4bdfeaca@gmail.com;87fc7858-9a68-4cb9-b59d-277f4bdfeaca;87fc7858-9a68-4cb9;b59d-277f4bdfeaca;27-11-1999;18;57
0ee439fcfce3;b2873941-66a7-45ad-bb7b-0ee439fcfce3@gmail.com;b2873941-66a7-45ad-bb7b-0ee439fcfce3;b2873941-66a7-45ad;bb7b-0ee439fcfce3;23-12-1954;20;64
30032268ba45;566dacc6-9814-427b-9110-30032268ba45@gmail.com;566dacc6-9814-427b-9110-30032268ba45;566dacc6-9814-427b;9110-30032268ba45;17-10-1960;21;65
5e1c476b4fa8;2721739f-32c6-4e62-b814-5e1c476b4fa8@gmail.com;2721739f-32c6-4e62-b814-5e1c476b4fa8;2721739f-32c6-4e62;b814-5e1c476b4fa8;13-10-1967;20;70
5af3e0d8a82a;72af9adf-b56c-4dac-9576-5af3e0d8a82a@gmail.com;72af9adf-b56c-4dac-9576-5af3e0d8a82a;72af9adf-b56c-4dac;9576-5af3e0d8a82a;10-11-1968;24;55
aaa6449de669;859c66a5-2ecb-4d69-9e46-aaa6449de669@gmail.com;859c66a5-2ecb-4d69-9e46-aaa6449de669;859c66a5-2ecb-4d69;9e46-aaa6449de669;14-10-1955;21;61
fd540412f3b2;b070531c-f7f1-4b9d-9441-fd540412f3b2@gmail.com;b070531c-f7f1-4b9d-9441-fd540412f3b2;b070531c-f7f1-4b9d;9441-fd540412f3b2;23-11-1978;24;61
a334c3197877;6229a546-a107-45dd-8a5e-a334c3197877@gmail.com;6229a546-a107-45dd-8a5e-a334c3197877;6229a546-a107-45dd;8a5e-a334c3197877;18-11-1999;20;69
2fb1a27d308d;d9913314-51a6-45b1-bcab-2fb1a27d308d@gmail.com;d9913314-51a6-45b1-bcab-2fb1a27d308d;d9913314-51a6-45b1;bcab-2fb1a27d308d;22-10-1996;18;66
8f8d9a901f0c;f9fd9cc7-a039-4dcf-99b7-8f8d9a901f0c@gmail.com;f9fd9cc7-a039-4dcf-99b7-8f8d9a901f0c;f9fd9cc7-a039-4dcf;99b7-8f8d9a901f0c;20-10-1987;23;64
727a22780493;522674e6-0fa7-4098-8ba3-727a22780493@gmail.com;522674e6-0fa7-4098-8ba3-727a22780493;522674e6-0fa7-4098;8ba3-727a22780493;18-10-1988;20;67
be55834330f4;f89419ab-05f4-4f87-88a4-be55834330f4@gmail.com;f89419ab-05f4-4f87-88a4-be55834330f4;f89419ab-05f4-4f87;88a4-be55834330f4;24-10-1972;23;59
1ec848876fa3;01943188-94eb-4b03-b859-1ec848876fa3@gmail.com;01943188-94eb-4b03-b859-1ec848876fa3;01943188-94eb-4b03;b859-1ec848876fa3;26-11-1999;18;64
9930cdfd3fa5;63a4f2b8-fd29-44f2-a72e-9930cdfd3fa5@gmail.com;63a4f2b8-fd29-44f2-a72e-9930cdfd3fa5;63a4f2b8-fd29-44f2;a72e-9930cdfd3fa5;10-11-1959;24;58
ed5fd16661e2;522e60c1-8352-488a-adf9-ed5fd16661e2@gmail.com;522e60c1-8352-488a-adf9-ed5fd16661e2;522e60c1-8352-488a;adf9-ed5fd16661e2;26-11-1962;18;60
a76be4ace5a4;bdbb85d7-b694-455d-990c-a76be4ace5a4@gmail.com;bdbb85d7-b694-455d-990c-a76be4ace5a4;bdbb85d7-b694-455d;990c-a76be4ace5a4;20-11-1974;23;64
b0fb261c84fb;ef8d0e7e-70d4-485e-92af-b0fb261c84fb@gmail.com;ef8d0e7e-70d4-485e-92af-b0fb261c84fb;ef8d0e7e-70d4-485e;92af-b0fb261c84fb;22-10-2001;21;60
0d81decfd7ae;32853fd5-ed36-4cf3-8a85-0d81decfd7ae@gmail.com;32853fd5-ed36-4cf3-8a85-0d81decfd7ae;32853fd5-ed36-4cf3;8a85-0d81decfd7ae;14-10-1968;22;58
09c2f10742f7;8d095aeb-d64f-40c1-a6b0-09c2f10742f7@gmail.com;8d095aeb-d64f-40c1-a6b0-09c2f10742f7;8d095aeb-d64f-40c1;a6b0-09c2f10742f7;10-11-1972;20;63
35fc75260fdf;0765c159-6546-472a-a36c-35fc75260fdf@gmail.com;0765c159-6546-472a-a36c-35fc75260fdf;0765c159-6546-472a;a36c-35fc75260fdf;17-10-1956;20;61
53ee2388df54;dce6aee0-65f9-4c28-8fec-53ee2388df54@gmail.com;dce6aee0-65f9-4c28-8fec-53ee2388df54;dce6aee0-65f9-4c28;8fec-53ee2388df54;15-10-1965;19;70
3b7c854e56ac;c0c7123b-1205-4800-aa5c-3b7c854e56ac@gmail.com;c0c7123b-1205-4800-aa5c-3b7c854e56ac;c0c7123b-1205-4800;aa5c-3b7c854e56ac;15-11-1955;24;69
1a56f4236966;3b9de51e-078c-4074-9f45-1a56f4236966@gmail.com;3b9de51e-078c-4074-9f45-1a56f4236966;3b9de51e-078c-4074;9f45-1a56f4236966;22-11-1985;22;67
f121790d25c2;d5a2b2d2-69c1-4bf6-b5f6-f121790d25c2@gmail.com;d5a2b2d2-69c1-4bf6-b5f6-f121790d25c2;d5a2b2d2-69c1-4bf6;b5f6-f121790d25c2;21-11-1959;20;56
e6a4d0b1b390;bd468bfd-af4a-42fa-8716-e6a4d0b1b390@gmail.com;bd468bfd-af4a-42fa-8716-e6a4d0b1b390;bd468bfd-af4a-42fa;8716-e6a4d0b1b390;18-11-1961;24;66
f5aafdbe5e69;4e001c49-0229-4f62-b4a1-f5aafdbe5e69@gmail.com;4e001c49-0229-4f62-b4a1-f5aafdbe5e69;4e001c49-0229-4f62;b4a1-f5aafdbe5e69;26-10-1964;23;67
5368f84aeb26;70152be5-48ac-4f28-a937-5368f84aeb26@gmail.com;70152be5-48ac-4f28-a937-5368f84aeb26;70152be5-48ac-4f28;a937-5368f84aeb26;17-11-1967;25;65
c66df41c4c7f;f5975729-5f72-4108-9a62-c66df41c4c7f@gmail.com;f5975729-5f72-4108-9a62-c66df41c4c7f;f5975729-5f72-4108;9a62-c66df41c4c7f;11-11-1980;19;68
b23d80728ebc;eed375a3-9497-4188-8ddb-b23d80728ebc@gmail.com;eed375a3-9497-4188-8ddb-b23d80728ebc;eed375a3-9497-4188;8ddb-b23d80728ebc;27-12-1981;18;68
126f71e18a92;79874314-0948-47e6-9d83-126f71e18a92@gmail.com;79874314-0948-47e6-9d83-126f71e18a92;79874314-0948-47e6;9d83-126f71e18a92;22-12-1996;20;70
707d9b90624b;45d04dd3-9bda-47cc-8365-707d9b90624b@gmail.com;45d04dd3-9bda-47cc-8365-707d9b90624b;45d04dd3-9bda-47cc;8365-707d9b90624b;24-10-1983;25;65
af8a3cf8e1b9;7bf092e4-496b-48ce-9b2e-af8a3cf8e1b9@gmail.com;7bf092e4-496b-48ce-9b2e-af8a3cf8e1b9;7bf092e4-496b-48ce;9b2e-af8a3cf8e1b9;14-11-2002;23;56
20f402921b29;3f95937d-e507-4ba5-853a-20f402921b29@gmail.com;3f95937d-e507-4ba5-853a-20f402921b29;3f95937d-e507-4ba5;853a-20f402921b29;16-12-1991;23;68
99b3f39def0f;dc479058-9187-4fa9-ba4f-99b3f39def0f@gmail.com;dc479058-9187-4fa9-ba4f-99b3f39def0f;dc479058-9187-4fa9;ba4f-99b3f39def0f;26-11-1970;20;59
75f6fd04ed06;e5106292-7a5a-4f81-b81d-75f6fd04ed06@gmail.com;e5106292-7a5a-4f81-b81d-75f6fd04ed06;e5106292-7a5a-4f81;b81d-75f6fd04ed06;27-12-1959;21;60
95a3519df514;ffe8da2f-783b-4ccf-9f74-95a3519df514@gmail.com;ffe8da2f-783b-4ccf-9f74-95a3519df514;ffe8da2f-783b-4ccf;9f74-95a3519df514;17-11-2003;20;59
6d727a965ebd;9cc42b8b-e8ab-4bd2-80f9-6d727a965ebd@gmail.com;9cc42b8b-e8ab-4bd2-80f9-6d727a965ebd;9cc42b8b-e8ab-4bd2;80f9-6d727a965ebd;17-11-1974;20;70
c8ea8fe164db;d052b7c0-240e-471a-a682-c8ea8fe164db@gmail.com;d052b7c0-240e-471a-a682-c8ea8fe164db;d052b7c0-240e-471a;a682-c8ea8fe164db;20-10-2000;18;65
f3f16debf9d6;8b9c4480-6d5e-4eae-a52e-f3f16debf9d6@gmail.com;8b9c4480-6d5e-4eae-a52e-f3f16debf9d6;8b9c4480-6d5e-4eae;a52e-f3f16debf9d6;15-12-1992;25;69
4971bbb42e87;d69292ee-e7b8-41d7-83fa-4971bbb42e87@gmail.com;d69292ee-e7b8-41d7-83fa-4971bbb42e87;d69292ee-e7b8-41d7;83fa-4971bbb42e87;12-12-1994;19;70
ff7fa200642d;9214ba58-ce43-42b3-a27c-ff7fa200642d@gmail.com;9214ba58-ce43-42b3-a27c-ff7fa200642d;9214ba58-ce43-42b3;a27c-ff7fa200642d;21-11-1985;24;59
cb259c60a892;1668bd63-a5f3-416b-80ca-cb259c60a892@gmail.com;1668bd63-a5f3-416b-80ca-cb259c60a892;1668bd63-a5f3-416b;80ca-cb259c60a892;19-12-1968;18;56
35cceddd8c66;b9d20a12-eac8-4cf5-8a62-35cceddd8c66@gmail.com;b9d20a12-eac8-4cf5-8a62-35cceddd8c66;b9d20a12-eac8-4cf5;8a62-35cceddd8c66;23-12-1978;24;69
f67718be79a9;c841121f-8eed-4050-858a-f67718be79a9@gmail.com;c841121f-8eed-4050-858a-f67718be79a9;c841121f-8eed-4050;858a-f67718be79a9;25-12-2000;25;61
b4ce1208341f;51cc0bf7-0c02-4a42-88b4-b4ce1208341f@gmail.com;51cc0bf7-0c02-4a42-88b4-b4ce1208341f;51cc0bf7-0c02-4a42;88b4-b4ce1208341f;27-10-2001;22;63
1ffdc0e31ce8;325faa16-84e1-4ca4-9d15-1ffdc0e31ce8@gmail.com;325faa16-84e1-4ca4-9d15-1ffdc0e31ce8;325faa16-84e1-4ca4;9d15-1ffdc0e31ce8;19-11-1956;18;62
8eae67f969a7;4fb62f5d-849f-48a3-98e1-8eae67f969a7@gmail.com;4fb62f5d-849f-48a3-98e1-8eae67f969a7;4fb62f5d-849f-48a3;98e1-8eae67f969a7;15-12-1982;23;69
13b65c633ce2;43e8ed37-ed30-4756-aaf3-13b65c633ce2@gmail.com;43e8ed37-ed30-4756-aaf3-13b65c633ce2;43e8ed37-ed30-4756;aaf3-13b65c633ce2;19-10-1989;19;70
68f25c136dc2;358d4f98-5532-4c8e-a891-68f25c136dc2@gmail.com;358d4f98-5532-4c8e-a891-68f25c136dc2;358d4f98-5532-4c8e;a891-68f25c136dc2;24-11-1962;18;57
f0b602b3a887;958806ed-e3e4-45df-89a0-f0b602b3a887@gmail.com;958806ed-e3e4-45df-89a0-f0b602b3a887;958806ed-e3e4-45df;89a0-f0b602b3a887;12-10-1970;22;67
254fd248d744;969b5c3d-ada3-49f8-b87c-254fd248d744@gmail.com;969b5c3d-ada3-49f8-b87c-254fd248d744;969b5c3d-ada3-49f8;b87c-254fd248d744;23-12-1976;23;57
d584ddf86016;bac339ae-88d8-4b20-aa73-d584ddf86016@gmail.com;bac339ae-88d8-4b20-aa73-d584ddf86016;bac339ae-88d8-4b20;aa73-d584ddf86016;26-11-1996;23;65
a4fbed17d843;a9117a27-1c74-4ff6-a768-a4fbed17d843@gmail.com;a9117a27-1c74-4ff6-a768-a4fbed17d843;a9117a27-1c74-4ff6;a768-a4fbed17d843;22-12-1999;18;62
9e3d06342a4e;5f719dc2-465e-4524-9391-9e3d06342a4e@gmail.com;5f719dc2-465e-4524-9391-9e3d06342a4e;5f719dc2-465e-4524;9391-9e3d06342a4e;21-12-1974;25;58
4bee450262c6;286cdfc9-6620-4474-98b3-4bee450262c6@gmail.com;286cdfc9-6620-4474-98b3-4bee450262c6;286cdfc9-6620-4474;98b3-4bee450262c6;26-11-1972;21;63
5b36388d160a;2eb643f1-cf6b-4039-9ff0-5b36388d160a@gmail.com;2eb643f1-cf6b-4039-9ff0-5b36388d160a;2eb643f1-cf6b-4039;9ff0-5b36388d160a;18-10-1996;21;61
b579c712a788;4fbc9048-2713-4384-814c-b579c712a788@gmail.com;4fbc9048-2713-4384-814c-b579c712a788;4fbc9048-2713-4384;814c-b579c712a788;26-10-1985;20;61
6eed921d5852;0e886c94-4eb6-491a-b4e7-6eed921d5852@gmail.com;0e886c94-4eb6-491a-b4e7-6eed921d5852;0e886c94-4eb6-491a;b4e7-6eed921d5852;21-12-1973;18;68
c34eae041f93;7f7b4495-3e64-45c7-824e-c34eae041f93@gmail.com;7f7b4495-3e64-45c7-824e-c34eae041f93;7f7b4495-3e64-45c7;824e-c34eae041f93;22-12-1964;18;66
4e7300c381ea;fe33f985-2528-44bc-b635-4e7300c381ea@gmail.com;fe33f985-2528-44bc-b635-4e7300c381ea;fe33f985-2528-44bc;b635-4e7300c381ea;18-12-1965;21;58
7d490d6fa256;e7e54080-c7bf-4763-9d1f-7d490d6fa256@gmail.com;e7e54080-c7bf-4763-9d1f-7d490d6fa256;e7e54080-c7bf-4763;9d1f-7d490d6fa256;16-12-1993;19;57
c3425662fd92;566de590-1dc1-42bc-8500-c3425662fd92@gmail.com;566de590-1dc1-42bc-8500-c3425662fd92;566de590-1dc1-42bc;8500-c3425662fd92;24-10-1969;22;55
c127d07cf3c1;886a5633-8a9c-4792-875a-c127d07cf3c1@gmail.com;886a5633-8a9c-4792-875a-c127d07cf3c1;886a5633-8a9c-4792;875a-c127d07cf3c1;22-11-1978;23;68
0ebc977a31b7;7d949711-33cd-400d-8166-0ebc977a31b7@gmail.com;7d949711-33cd-400d-8166-0ebc977a31b7;7d949711-33cd-400d;8166-0ebc977a31b7;21-11-1968;19;70
cd590cbcb010;adb862f5-994d-4d95-95ed-cd590cbcb010@gmail.com;adb862f5-994d-4d95-95ed-cd590cbcb010;adb862f5-994d-4d95;95ed-cd590cbcb010;25-10-1976;22;60
c0220dc8dc02;8d39cdf6-76e8-4c4d-a978-c0220dc8dc02@gmail.com;8d39cdf6-76e8-4c4d-a978-c0220dc8dc02;8d39cdf6-76e8-4c4d;a978-c0220dc8dc02;19-12-1988;20;61
a440608a0051;bef33c09-0069-411b-9452-a440608a0051@gmail.com;bef33c09-0069-411b-9452-a440608a0051;bef33c09-0069-411b;9452-a440608a0051;14-10-1998;22;62
0014ae7aa9a5;435dba48-5a24-4d33-8c09-0014ae7aa9a5@gmail.com;435dba48-5a24-4d33-8c09-0014ae7aa9a5;435dba48-5a24-4d33;8c09-0014ae7aa9a5;10-11-1956;22;67
c5dc1318bf41;d5907cea-878d-4a51-af86-c5dc1318bf41@gmail.com;d5907cea-878d-4a51-af86-c5dc1318bf41;d5907cea-878d-4a51;af86-c5dc1318bf41;12-11-2003;23;65
de29a10031b9;5a6e9893-e89c-4f64-a994-de29a10031b9@gmail.com;5a6e9893-e89c-4f64-a994-de29a10031b9;5a6e9893-e89c-4f64;a994-de29a10031b9;21-10-1984;18;55
67257c366a2b;0979ec1d-89bd-4ec3-aea4-67257c366a2b@gmail.com;0979ec1d-89bd-4ec3-aea4-67257c366a2b;0979ec1d-89bd-4ec3;aea4-67257c366a2b;23-11-1978;20;56
1318c0e60c3c;62a8eea4-808a-4c3a-8b26-1318c0e60c3c@gmail.com;62a8eea4-808a-4c3a-8b26-1318c0e60c3c;62a8eea4-808a-4c3a;8b26-1318c0e60c3c;23-10-1970;20;67
26b1a3b38291;34bfa687-6554-4221-a564-26b1a3b38291@gmail.com;34bfa687-6554-4221-a564-26b1a3b38291;34bfa687-6554-4221;a564-26b1a3b38291;24-11-1971;18;60
bdacb86c89f5;41f09e33-5b91-4412-bc2c-bdacb86c89f5@gmail.com;41f09e33-5b91-4412-bc2c-bdacb86c89f5;41f09e33-5b91-4412;bc2c-bdacb86c89f5;21-10-1963;23;65
fb9951c0bbc3;a0dce568-2fe3-4a31-b9b4-fb9951c0bbc3@gmail.com;a0dce568-2fe3-4a31-b9b4-fb9951c0bbc3;a0dce568-2fe3-4a31;b9b4-fb9951c0bbc3;16-12-1960;21;69
e624f09e50f5;830dd20c-be12-4444-9ae9-e624f09e50f5@gmail.com;830dd20c-be12-4444-9ae9-e624f09e50f5;830dd20c-be12-4444;9ae9-e624f09e50f5;14-12-1961;19;59
466940b1b4ab;ded0d1dc-6e71-4a79-a2eb-466940b1b4ab@gmail.com;ded0d1dc-6e71-4a79-a2eb-466940b1b4ab;ded0d1dc-6e71-4a79;a2eb-466940b1b4ab;13-11-1976;25;63
989f50642ec4;090193e1-b15a-4a21-a13b-989f50642ec4@gmail.com;090193e1-b15a-4a21-a13b-989f50642ec4;090193e1-b15a-4a21;a13b-989f50642ec4;22-10-1960;19;63
c81ad98ce176;5ac80d51-981c-497d-a5ba-c81ad98ce176@gmail.com;5ac80d51-981c-497d-a5ba-c81ad98ce176;5ac80d51-981c-497d;a5ba-c81ad98ce176;10-12-1994;23;63
5bec3fc35fd2;7007200d-3302-4f51-a4c0-5bec3fc35fd2@gmail.com;7007200d-3302-4f51-a4c0-5bec3fc35fd2;7007200d-3302-4f51;a4c0-5bec3fc35fd2;16-10-1958;18;60
e0cd40723940;b6bde27a-9064-41bf-ba99-e0cd40723940@gmail.com;b6bde27a-9064-41bf-ba99-e0cd40723940;b6bde27a-9064-41bf;ba99-e0cd40723940;13-10-1994;24;56
ba5553a66f1e;283aee7c-7904-4dd0-a7e3-ba5553a66f1e@gmail.com;283aee7c-7904-4dd0-a7e3-ba5553a66f1e;283aee7c-7904-4dd0;a7e3-ba5553a66f1e;21-11-1966;21;67
308e60e6c33e;05f26280-ee43-4191-b16e-308e60e6c33e@gmail.com;05f26280-ee43-4191-b16e-308e60e6c33e;05f26280-ee43-4191;b16e-308e60e6c33e;22-11-1991;18;62
ea11b6471ac7;116679cd-df22-4deb-bd9e-ea11b6471ac7@gmail.com;116679cd-df22-4deb-bd9e-ea11b6471ac7;116679cd-df22-4deb;bd9e-ea11b6471ac7;25-10-1997;20;70
3bde2d0f3a87;048ec77a-0c2b-49c7-917a-3bde2d0f3a87@gmail.com;048ec77a-0c2b-49c7-917a-3bde2d0f3a87;048ec77a-0c2b-49c7;917a-3bde2d0f3a87;25-12-1956;24;65
3472bf013cfc;739a6062-548d-4093-9e14-3472bf013cfc@gmail.com;739a6062-548d-4093-9e14-3472bf013cfc;739a6062-548d-4093;9e14-3472bf013cfc;14-11-1972;21;64
730f0bdb46cd;0d4f67a7-83ef-47b5-995f-730f0bdb46cd@gmail.com;0d4f67a7-83ef-47b5-995f-730f0bdb46cd;0d4f67a7-83ef-47b5;995f-730f0bdb46cd;16-12-1966;18;55
16b5b1b83a4a;25a63903-ef17-46d1-acfb-16b5b1b83a4a@gmail.com;25a63903-ef17-46d1-acfb-16b5b1b83a4a;25a63903-ef17-46d1;acfb-16b5b1b83a4a;11-12-1998;20;68
a49922608abe;1bfe7e72-51bc-492a-ab0b-a49922608abe@gmail.com;1bfe7e72-51bc-492a-ab0b-a49922608abe;1bfe7e72-51bc-492a;ab0b-a49922608abe;24-12-1974;23;69
01861b04e5a7;1e3d2f1b-38b6-4e51-aaa6-01861b04e5a7@gmail.com;1e3d2f1b-38b6-4e51-aaa6-01861b04e5a7;1e3d2f1b-38b6-4e51;aaa6-01861b04e5a7;10-12-2001;19;66
769aee16eb0e;c94fcfdc-5e57-4667-b70d-769aee16eb0e@gmail.com;c94fcfdc-5e57-4667-b70d-769aee16eb0e;c94fcfdc-5e57-4667;b70d-769aee16eb0e;25-11-1983;22;58
e46c8454f82d;a21f1348-4a42-4887-a7e2-e46c8454f82d@gmail.com;a21f1348-4a42-4887-a7e2-e46c8454f82d;a21f1348-4a42-4887;a7e2-e46c8454f82d;14-12-1990;22;65
c3e32ad2bc45;18d75453-4444-41f4-9929-c3e32ad2bc45@gmail.com;18d75453-4444-41f4-9929-c3e32ad2bc45;18d75453-4444-41f4;9929-c3e32ad2bc45;17-12-1957;22;68
00bacc8b09c3;8f2e23d3-04f7-46cf-80da-00bacc8b09c3@gmail.com;8f2e23d3-04f7-46cf-80da-00bacc8b09c3;8f2e23d3-04f7-46cf;80da-00bacc8b09c3;15-11-1981;22;63
a8bbfef49000;e450fdfa-0b72-4131-9873-a8bbfef49000@gmail.com;e450fdfa-0b72-4131-9873-a8bbfef49000;e450fdfa-0b72-4131;9873-a8bbfef49000;20-10-1979;22;58
ef20c1f2d130;90da70c4-481e-4d23-a449-ef20c1f2d130@gmail.com;90da70c4-481e-4d23-a449-ef20c1f2d130;90da70c4-481e-4d23;a449-ef20c1f2d130;24-11-1988;22;62
07bd0ed58300;08114dee-337a-465d-bf7d-07bd0ed58300@gmail.com;08114dee-337a-465d-bf7d-07bd0ed58300;08114dee-337a-465d;bf7d-07bd0ed58300;23-12-1997;25;68
02ef75b04ce3;c8610674-4ac3-4fa7-b0aa-02ef75b04ce3@gmail.com;c8610674-4ac3-4fa7-b0aa-02ef75b04ce3;c8610674-4ac3-4fa7;b0aa-02ef75b04ce3;13-10-2003;23;67
a0aff4d41c72;3fec3308-603a-487c-8626-a0aff4d41c72@gmail.com;3fec3308-603a-487c-8626-a0aff4d41c72;3fec3308-603a-487c;8626-a0aff4d41c72;27-11-1980;23;59
a74fbebd33aa;cf115fad-31ff-43cb-8ed4-a74fbebd33aa@gmail.com;cf115fad-31ff-43cb-8ed4-a74fbebd33aa;cf115fad-31ff-43cb;8ed4-a74fbebd33aa;23-12-1993;24;59
aca90e151891;8c2a6bc6-dc50-4583-b717-aca90e151891@gmail.com;8c2a6bc6-dc50-4583-b717-aca90e151891;8c2a6bc6-dc50-4583;b717-aca90e151891;14-12-1975;19;70
1744d298720c;837fed95-b4bb-4c17-81d9-1744d298720c@gmail.com;837fed95-b4bb-4c17-81d9-1744d298720c;837fed95-b4bb-4c17;81d9-1744d298720c;10-10-1994;24;63
18561224bcef;859131b7-1853-4c66-9b6d-18561224bcef@gmail.com;859131b7-1853-4c66-9b6d-18561224bcef;859131b7-1853-4c66;9b6d-18561224bcef;15-11-1982;19;68
6f1553a1336c;8066cb76-baaa-478a-b79d-6f1553a1336c@gmail.com;8066cb76-baaa-478a-b79d-6f1553a1336c;8066cb76-baaa-478a;b79d-6f1553a1336c;26-11-1994;21;68
f94fd798480b;2e6d04c8-b972-4eb1-8853-f94fd798480b@gmail.com;2e6d04c8-b972-4eb1-8853-f94fd798480b;2e6d04c8-b972-4eb1;8853-f94fd798480b;23-11-1990;18;64
a1506367d063;e9375227-3506-4ebb-b79b-a1506367d063@gmail.com;e9375227-3506-4ebb-b79b-a1506367d063;e9375227-3506-4ebb;b79b-a1506367d063;12-10-1992;19;56
1d5e06e3c232;9184839f-55e9-42ee-88df-1d5e06e3c232@gmail.com;9184839f-55e9-42ee-88df-1d5e06e3c232;9184839f-55e9-42ee;88df-1d5e06e3c232;17-11-1966;19;55
845d7560bf34;688df26d-8f76-42b4-b9c7-845d7560bf34@gmail.com;688df26d-8f76-42b4-b9c7-845d7560bf34;688df26d-8f76-42b4;b9c7-845d7560bf34;25-12-2000;22;56
e8903bc90b45;cd6fc77c-eaaf-4263-848e-e8903bc90b45@gmail.com;cd6fc77c-eaaf-4263-848e-e8903bc90b45;cd6fc77c-eaaf-4263;848e-e8903bc90b45;25-12-1990;24;57
b4f7029cb804;b81ab52e-75e4-4f49-9c10-b4f7029cb804@gmail.com;b81ab52e-75e4-4f49-9c10-b4f7029cb804;b81ab52e-75e4-4f49;9c10-b4f7029cb804;22-12-1998;24;64
650dfe964aa9;920b013a-fada-4486-bea8-650dfe964aa9@gmail.com;920b013a-fada-4486-bea8-650dfe964aa9;920b013a-fada-4486;bea8-650dfe964aa9;10-12-1977;22;61
729db5a4e570;937c6dba-adb6-4732-ad09-729db5a4e570@gmail.com;937c6dba-adb6-4732-ad09-729db5a4e570;937c6dba-adb6-4732;ad09-729db5a4e570;23-11-1960;22;67
4109ffe9ed9f;eafd8f09-6627-4e2f-8236-4109ffe9ed9f@gmail.com;eafd8f09-6627-4e2f-8236-4109ffe9ed9f;eafd8f09-6627-4e2f;8236-4109ffe9ed9f;14-11-1976;19;68
3162d30598c7;705cecb8-1743-49b6-ae21-3162d30598c7@gmail.com;705cecb8-1743-49b6-ae21-3162d30598c7;705cecb8-1743-49b6;ae21-3162d30598c7;13-12-1986;20;69
eced66a1e32a;9f608b55-eb3d-448e-9cf6-eced66a1e32a@gmail.com;9f608b55-eb3d-448e-9cf6-eced66a1e32a;9f608b55-eb3d-448e;9cf6-eced66a1e32a;14-12-1982;22;60
d913d23f6bbd;de59e4a7-2265-481f-9675-d913d23f6bbd@gmail.com;de59e4a7-2265-481f-9675-d913d23f6bbd;de59e4a7-2265-481f;9675-d913d23f6bbd;21-11-1958;25;66
0ab62ba2acf2;a14b9742-9d3e-4766-adbd-0ab62ba2acf2@gmail.com;a14b9742-9d3e-4766-adbd-0ab62ba2acf2;a14b9742-9d3e-4766;adbd-0ab62ba2acf2;19-11-1979;25;62
c275021e52c9;2d73abd3-1adb-404a-8e10-c275021e52c9@gmail.com;2d73abd3-1adb-404a-8e10-c275021e52c9;2d73abd3-1adb-404a;8e10-c275021e52c9;10-10-1969;18;69
4c7cbaecfa0f;602c8750-db09-4595-b4b4-4c7cbaecfa0f@gmail.com;602c8750-db09-4595-b4b4-4c7cbaecfa0f;602c8750-db09-4595;b4b4-4c7cbaecfa0f;10-11-2004;18;64
a9974f7f5cfe;51e1881b-dacc-4540-b0d6-a9974f7f5cfe@gmail.com;51e1881b-dacc-4540-b0d6-a9974f7f5cfe;51e1881b-dacc-4540;b0d6-a9974f7f5cfe;22-11-2001;23;63
6be58d63b318;928c3baa-a6ab-4923-bbcd-6be58d63b318@gmail.com;928c3baa-a6ab-4923-bbcd-6be58d63b318;928c3baa-a6ab-4923;bbcd-6be58d63b318;25-10-1969;19;70
7b764dc970f5;eea82318-7b77-4f0f-b14d-7b764dc970f5@gmail.com;eea82318-7b77-4f0f-b14d-7b764dc970f5;eea82318-7b77-4f0f;b14d-7b764dc970f5;10-11-1958;22;67
39b71893c4dd;d1bb4242-0e59-4d45-a56b-39b71893c4dd@gmail.com;d1bb4242-0e59-4d45-a56b-39b71893c4dd;d1bb4242-0e59-4d45;a56b-39b71893c4dd;27-10-1993;18;69
81a75f23a846;c4eff102-695f-45a2-b0c4-81a75f23a846@gmail.com;c4eff102-695f-45a2-b0c4-81a75f23a846;c4eff102-695f-45a2;b0c4-81a75f23a846;17-12-1984;18;55
1394e115d0d1;09b0d754-2171-4f4e-abf6-1394e115d0d1@gmail.com;09b0d754-2171-4f4e-abf6-1394e115d0d1;09b0d754-2171-4f4e;abf6-1394e115d0d1;18-10-1963;25;59
4193005b67ba;3f499c40-992e-431a-bd85-4193005b67ba@gmail.com;3f499c40-992e-431a-bd85-4193005b67ba;3f499c40-992e-431a;bd85-4193005b67ba;18-10-2004;22;62
6b6302b36fac;bf39062c-63d9-4fda-8bbb-6b6302b36fac@gmail.com;bf39062c-63d9-4fda-8bbb-6b6302b36fac;bf39062c-63d9-4fda;8bbb-6b6302b36fac;10-11-1988;23;63
aedb7570cebd;a21fcce6-e4f0-4d16-a4df-aedb7570cebd@gmail.com;a21fcce6-e4f0-4d16-a4df-aedb7570cebd;a21fcce6-e4f0-4d16;a4df-aedb7570cebd;22-11-1975;19;64
134affec67ea;22439458-97c7-42d1-8c1f-134affec67ea@gmail.com;22439458-97c7-42d1-8c1f-134affec67ea;22439458-97c7-42d1;8c1f-134affec67ea;14-11-1965;25;69
3b56b7eeb895;65da2030-d5bc-4f8b-ae92-3b56b7eeb895@gmail.com;65da2030-d5bc-4f8b-ae92-3b56b7eeb895;65da2030-d5bc-4f8b;ae92-3b56b7eeb895;20-12-1960;18;61
52d6784cc0ae;204b532d-d211-4078-b0c1-52d6784cc0ae@gmail.com;204b532d-d211-4078-b0c1-52d6784cc0ae;204b532d-d211-4078;b0c1-52d6784cc0ae;24-12-1979;23;57
e2d8c0892c1f;5b59a204-d6b1-4394-8943-e2d8c0892c1f@gmail.com;5b59a204-d6b1-4394-8943-e2d8c0892c1f;5b59a204-d6b1-4394;8943-e2d8c0892c1f;11-10-1959;18;55
7fc31d2ac302;77d71a79-82d7-4d81-9aea-7fc31d2ac302@gmail.com;77d71a79-82d7-4d81-9aea-7fc31d2ac302;77d71a79-82d7-4d81;9aea-7fc31d2ac302;19-12-1969;18;69
5f66284df922;7519c95b-02bb-4904-9911-5f66284df922@gmail.com;7519c95b-02bb-4904-9911-5f66284df922;7519c95b-02bb-4904;9911-5f66284df922;12-11-1989;25;64
29a53034ad99;c2c3f176-f395-4fcb-a6ad-29a53034ad99@gmail.com;c2c3f176-f395-4fcb-a6ad-29a53034ad99;c2c3f176-f395-4fcb;a6ad-29a53034ad99;26-10-1993;21;63
bccc727b9fd6;12f27d1d-18ca-46a2-9eef-bccc727b9fd6@gmail.com;12f27d1d-18ca-46a2-9eef-bccc727b9fd6;12f27d1d-18ca-46a2;9eef-bccc727b9fd6;12-12-1983;24;69
55e74d907795;0c3545ca-7f4b-4b02-8fc9-55e74d907795@gmail.com;0c3545ca-7f4b-4b02-8fc9-55e74d907795;0c3545ca-7f4b-4b02;8fc9-55e74d907795;25-10-1955;18;63
4e0b60e13db6;d002241f-f2f9-4028-a2bb-4e0b60e13db6@gmail.com;d002241f-f2f9-4028-a2bb-4e0b60e13db6;d002241f-f2f9-4028;a2bb-4e0b60e13db6;15-12-1972;22;70
c58fe3ac35e0;38333df5-f2df-41f2-babe-c58fe3ac35e0@gmail.com;38333df5-f2df-41f2-babe-c58fe3ac35e0;38333df5-f2df-41f2;babe-c58fe3ac35e0;27-12-1974;25;69
5a60f20643d0;c14ec6be-5741-4df3-b8f8-5a60f20643d0@gmail.com;c14ec6be-5741-4df3-b8f8-5a60f20643d0;c14ec6be-5741-4df3;b8f8-5a60f20643d0;27-10-1958;23;56
a511664eaf68;19bd675c-d8c3-40ae-b13b-a511664eaf68@gmail.com;19bd675c-d8c3-40ae-b13b-a511664eaf68;19bd675c-d8c3-40ae;b13b-a511664eaf68;20-10-1954;24;60
1897c61cee2b;1c5a0787-994e-4810-b4b6-1897c61cee2b@gmail.com;1c5a0787-994e-4810-b4b6-1897c61cee2b;1c5a0787-994e-4810;b4b6-1897c61cee2b;18-11-1989;25;58
fe4170bb33b3;c2f0f3d5-5d60-4ee3-bbd5-fe4170bb33b3@gmail.com;c2f0f3d5-5d60-4ee3-bbd5-fe4170bb33b3;c2f0f3d5-5d60-4ee3;bbd5-fe4170bb33b3;24-12-1994;25;67
ab9e34e8f6aa;35e89159-55a1-4253-a748-ab9e34e8f6aa@gmail.com;35e89159-55a1-4253-a748-ab9e34e8f6aa;35e89159-55a1-4253;a748-ab9e34e8f6aa;24-10-1994;21;69
63d5b9fc9de5;5affa8c6-bc9a-4c5f-b7b1-63d5b9fc9de5@gmail.com;5affa8c6-bc9a-4c5f-b7b1-63d5b9fc9de5;5affa8c6-bc9a-4c5f;b7b1-63d5b9fc9de5;21-11-1986;24;66
7e9c117a30a0;709a7a0c-a820-4bed-9960-7e9c117a30a0@gmail.com;709a7a0c-a820-4bed-9960-7e9c117a30a0;709a7a0c-a820-4bed;9960-7e9c117a30a0;17-11-1965;24;58
76cad95440d3;3c5262a4-dc00-4f13-9fd6-76cad95440d3@gmail.com;3c5262a4-dc00-4f13-9fd6-76cad95440d3;3c5262a4-dc00-4f13;9fd6-76cad95440d3;24-12-1974;19;69
def7ac2ad373;daa5cad8-2719-4a4d-b717-def7ac2ad373@gmail.com;daa5cad8-2719-4a4d-b717-def7ac2ad373;daa5cad8-2719-4a4d;b717-def7ac2ad373;17-10-1962;21;68
6714dea27e59;edf59aef-116e-46d6-a91d-6714dea27e59@gmail.com;edf59aef-116e-46d6-a91d-6714dea27e59;edf59aef-116e-46d6;a91d-6714dea27e59;17-11-1974;20;58
0ac06207ca90;9f12ed42-6d8c-47db-9f9b-0ac06207ca90@gmail.com;9f12ed42-6d8c-47db-9f9b-0ac06207ca90;9f12ed42-6d8c-47db;9f9b-0ac06207ca90;20-10-1971;21;64
5fa7231e4269;de31f1bd-bfd6-4f7b-8079-5fa7231e4269@gmail.com;de31f1bd-bfd6-4f7b-8079-5fa7231e4269;de31f1bd-bfd6-4f7b;8079-5fa7231e4269;13-10-1977;22;55
196843f2c222;017385cf-e316-4c3d-8e88-196843f2c222@gmail.com;017385cf-e316-4c3d-8e88-196843f2c222;017385cf-e316-4c3d;8e88-196843f2c222;14-10-1969;21;60
d5e97027191e;e6bf0aa4-9b98-4df9-af14-d5e97027191e@gmail.com;e6bf0aa4-9b98-4df9-af14-d5e97027191e;e6bf0aa4-9b98-4df9;af14-d5e97027191e;23-12-1959;22;68
a79371e27854;2a8213b5-47ce-48b5-9880-a79371e27854@gmail.com;2a8213b5-47ce-48b5-9880-a79371e27854;2a8213b5-47ce-48b5;9880-a79371e27854;22-10-1960;24;70
441caac27af7;fd874943-33a4-428b-8535-441caac27af7@gmail.com;fd874943-33a4-428b-8535-441caac27af7;fd874943-33a4-428b;8535-441caac27af7;15-11-1994;20;59
2fcb73a1aa89;7e430b0d-f6f3-4a4e-a32e-2fcb73a1aa89@gmail.com;7e430b0d-f6f3-4a4e-a32e-2fcb73a1aa89;7e430b0d-f6f3-4a4e;a32e-2fcb73a1aa89;10-10-1981;22;57
63b058a82605;98d6b622-f43a-4ffe-8bbb-63b058a82605@gmail.com;98d6b622-f43a-4ffe-8bbb-63b058a82605;98d6b622-f43a-4ffe;8bbb-63b058a82605;17-12-1972;24;68
be44c4950283;f6d78e18-0e54-48ff-8071-be44c4950283@gmail.com;f6d78e18-0e54-48ff-8071-be44c4950283;f6d78e18-0e54-48ff;8071-be44c4950283;22-12-1982;20;69
d48d0c2e74e8;4c0bbcde-e7ca-4d39-8d9c-d48d0c2e74e8@gmail.com;4c0bbcde-e7ca-4d39-8d9c-d48d0c2e74e8;4c0bbcde-e7ca-4d39;8d9c-d48d0c2e74e8;21-12-1983;20;58
17e4d0eeb053;5aa49f49-15f5-4d9a-8ebf-17e4d0eeb053@gmail.com;5aa49f49-15f5-4d9a-8ebf-17e4d0eeb053;5aa49f49-15f5-4d9a;8ebf-17e4d0eeb053;20-11-1980;24;62
4edd53ca5944;5fde8d90-22ae-4f18-bf8a-4edd53ca5944@gmail.com;5fde8d90-22ae-4f18-bf8a-4edd53ca5944;5fde8d90-22ae-4f18;bf8a-4edd53ca5944;18-10-1972;22;64
1fe71d84a544;facd041e-aa42-4c2a-aa92-1fe71d84a544@gmail.com;facd041e-aa42-4c2a-aa92-1fe71d84a544;facd041e-aa42-4c2a;aa92-1fe71d84a544;21-10-1983;19;65
cc66990a5c1a;54cbaaab-230c-45ad-9760-cc66990a5c1a@gmail.com;54cbaaab-230c-45ad-9760-cc66990a5c1a;54cbaaab-230c-45ad;9760-cc66990a5c1a;11-10-1998;24;59
7f852dc3aa8e;2a1b52b5-30dd-4ee7-a82b-7f852dc3aa8e@gmail.com;2a1b52b5-30dd-4ee7-a82b-7f852dc3aa8e;2a1b52b5-30dd-4ee7;a82b-7f852dc3aa8e;16-10-1998;24;67
eed171b5c010;60f60c4e-8aa1-4277-9b18-eed171b5c010@gmail.com;60f60c4e-8aa1-4277-9b18-eed171b5c010;60f60c4e-8aa1-4277;9b18-eed171b5c010;14-11-1991;21;68
912db6d7dcb5;a0f7662d-3b02-4dbd-8b18-912db6d7dcb5@gmail.com;a0f7662d-3b02-4dbd-8b18-912db6d7dcb5;a0f7662d-3b02-4dbd;8b18-912db6d7dcb5;10-12-1960;18;65
15e0f8459529;49401433-9cd9-4aa5-93b7-15e0f8459529@gmail.com;49401433-9cd9-4aa5-93b7-15e0f8459529;49401433-9cd9-4aa5;93b7-15e0f8459529;21-11-1974;23;67
393e99ada03b;8d6be5dd-ba65-40b3-8b23-393e99ada03b@gmail.com;8d6be5dd-ba65-40b3-8b23-393e99ada03b;8d6be5dd-ba65-40b3;8b23-393e99ada03b;20-12-1969;19;68
62f9de7c16d1;112cfb75-6aca-412b-ba90-62f9de7c16d1@gmail.com;112cfb75-6aca-412b-ba90-62f9de7c16d1;112cfb75-6aca-412b;ba90-62f9de7c16d1;16-10-1974;24;59
84ac3d10284b;b4da8d1a-1a69-4486-802c-84ac3d10284b@gmail.com;b4da8d1a-1a69-4486-802c-84ac3d10284b;b4da8d1a-1a69-4486;802c-84ac3d10284b;12-11-1986;22;67
6813af50c55e;a465c8c6-c863-4a8b-93c4-6813af50c55e@gmail.com;a465c8c6-c863-4a8b-93c4-6813af50c55e;a465c8c6-c863-4a8b;93c4-6813af50c55e;10-12-1954;18;57
ac703b346cc5;5901b2e1-96ec-47d5-bc3f-ac703b346cc5@gmail.com;5901b2e1-96ec-47d5-bc3f-ac703b346cc5;5901b2e1-96ec-47d5;bc3f-ac703b346cc5;10-10-1979;23;58
2c6ffc00f016;63ac62e7-9372-472a-a24d-2c6ffc00f016@gmail.com;63ac62e7-9372-472a-a24d-2c6ffc00f016;63ac62e7-9372-472a;a24d-2c6ffc00f016;18-10-1976;19;68
a6997cb5e2f5;4c528ef6-f76a-4930-b33e-a6997cb5e2f5@gmail.com;4c528ef6-f76a-4930-b33e-a6997cb5e2f5;4c528ef6-f76a-4930;b33e-a6997cb5e2f5;24-10-1964;20;66
fda8ae35f179;ed71bc49-bab0-42ab-84cf-fda8ae35f179@gmail.com;ed71bc49-bab0-42ab-84cf-fda8ae35f179;ed71bc49-bab0-42ab;84cf-fda8ae35f179;17-11-2003;22;68
9f4fa9d0b2aa;6b4ff3f4-9b43-403a-a523-9f4fa9d0b2aa@gmail.com;6b4ff3f4-9b43-403a-a523-9f4fa9d0b2aa;6b4ff3f4-9b43-403a;a523-9f4fa9d0b2aa;22-10-1980;19;57
0ad8485db2b4;a7fe0d47-1ac3-49da-99df-0ad8485db2b4@gmail.com;a7fe0d47-1ac3-49da-99df-0ad8485db2b4;a7fe0d47-1ac3-49da;99df-0ad8485db2b4;23-10-1983;22;70
ef86241db6cb;80e1cd15-a3ec-492c-8054-ef86241db6cb@gmail.com;80e1cd15-a3ec-492c-8054-ef86241db6cb;80e1cd15-a3ec-492c;8054-ef86241db6cb;25-11-1996;22;66
ebd4e611f338;de43186e-07e6-4198-8752-ebd4e611f338@gmail.com;de43186e-07e6-4198-8752-ebd4e611f338;de43186e-07e6-4198;8752-ebd4e611f338;17-10-1983;19;61
2314a739c6ac;8f298037-7036-4852-a2a5-2314a739c6ac@gmail.com;8f298037-7036-4852-a2a5-2314a739c6ac;8f298037-7036-4852;a2a5-2314a739c6ac;18-12-1974;25;61
c50a34a6db7b;cc622951-0570-4630-9a56-c50a34a6db7b@gmail.com;cc622951-0570-4630-9a56-c50a34a6db7b;cc622951-0570-4630;9a56-c50a34a6db7b;12-11-1979;19;68
fd87fcc2880e;cba00daf-b895-40f3-8288-fd87fcc2880e@gmail.com;cba00daf-b895-40f3-8288-fd87fcc2880e;cba00daf-b895-40f3;8288-fd87fcc2880e;20-12-1985;23;56
e50203fb0de7;244708e3-a520-422d-a721-e50203fb0de7@gmail.com;244708e3-a520-422d-a721-e50203fb0de7;244708e3-a520-422d;a721-e50203fb0de7;11-10-1958;22;66
558831dbfe95;b6672bd3-9783-48c6-b2b9-558831dbfe95@gmail.com;b6672bd3-9783-48c6-b2b9-558831dbfe95;b6672bd3-9783-48c6;b2b9-558831dbfe95;24-10-1966;20;65
77780d676367;a1189391-a76b-4a0a-8665-77780d676367@gmail.com;a1189391-a76b-4a0a-8665-77780d676367;a1189391-a76b-4a0a;8665-77780d676367;13-10-1967;18;66
2bdf0d20d170;163ec706-604a-46c6-9583-2bdf0d20d170@gmail.com;163ec706-604a-46c6-9583-2bdf0d20d170;163ec706-604a-46c6;9583-2bdf0d20d170;19-11-1956;25;59
5339772a618d;1bfb10f3-54d3-4b5d-910f-5339772a618d@gmail.com;1bfb10f3-54d3-4b5d-910f-5339772a618d;1bfb10f3-54d3-4b5d;910f-5339772a618d;24-12-1991;22;56
37f75df86b0a;63dfd0d5-8cb3-4ca3-869c-37f75df86b0a@gmail.com;63dfd0d5-8cb3-4ca3-869c-37f75df86b0a;63dfd0d5-8cb3-4ca3;869c-37f75df86b0a;27-10-1962;25;59
670fbbd598c9;5a1151a3-0da7-4ee2-ac3a-670fbbd598c9@gmail.com;5a1151a3-0da7-4ee2-ac3a-670fbbd598c9;5a1151a3-0da7-4ee2;ac3a-670fbbd598c9;15-11-1969;25;69
18185c40fa59;60a1514f-fbe0-42c6-b17d-18185c40fa59@gmail.com;60a1514f-fbe0-42c6-b17d-18185c40fa59;60a1514f-fbe0-42c6;b17d-18185c40fa59;13-10-1997;25;63
422293c78a1d;161ac88a-32fd-4449-bdd1-422293c78a1d@gmail.com;161ac88a-32fd-4449-bdd1-422293c78a1d;161ac88a-32fd-4449;bdd1-422293c78a1d;20-10-1980;25;60
87ce10deef25;fe6a596e-3055-4fa0-b4ae-87ce10deef25@gmail.com;fe6a596e-3055-4fa0-b4ae-87ce10deef25;fe6a596e-3055-4fa0;b4ae-87ce10deef25;19-12-1955;25;64
06a680d2ae78;6cada277-b3f8-4053-ad2e-06a680d2ae78@gmail.com;6cada277-b3f8-4053-ad2e-06a680d2ae78;6cada277-b3f8-4053;ad2e-06a680d2ae78;13-11-1995;22;70
84c10c99e0fc;93ed7b65-5481-4c28-8ad6-84c10c99e0fc@gmail.com;93ed7b65-5481-4c28-8ad6-84c10c99e0fc;93ed7b65-5481-4c28;8ad6-84c10c99e0fc;17-12-1981;20;56
b96ae4504838;f6e94ca0-d5b8-49cf-ba1b-b96ae4504838@gmail.com;f6e94ca0-d5b8-49cf-ba1b-b96ae4504838;f6e94ca0-d5b8-49cf;ba1b-b96ae4504838;21-12-1963;24;60
af9b68f70fa9;fe20f39b-817e-4a16-8deb-af9b68f70fa9@gmail.com;fe20f39b-817e-4a16-8deb-af9b68f70fa9;fe20f39b-817e-4a16;8deb-af9b68f70fa9;12-12-1973;20;61
9ab5f9e58f19;0e4580a8-8937-4a76-91e3-9ab5f9e58f19@gmail.com;0e4580a8-8937-4a76-91e3-9ab5f9e58f19;0e4580a8-8937-4a76;91e3-9ab5f9e58f19;18-11-1968;21;66
ea5f6cbd8982;ab0a5d26-5071-48db-a1a4-ea5f6cbd8982@gmail.com;ab0a5d26-5071-48db-a1a4-ea5f6cbd8982;ab0a5d26-5071-48db;a1a4-ea5f6cbd8982;23-10-1982;22;68
638f2b773900;5ccac12b-871b-4ae6-b32b-638f2b773900@gmail.com;5ccac12b-871b-4ae6-b32b-638f2b773900;5ccac12b-871b-4ae6;b32b-638f2b773900;11-11-1956;18;67
dc701d0e153c;cbc2a7e3-57ba-441e-9e30-dc701d0e153c@gmail.com;cbc2a7e3-57ba-441e-9e30-dc701d0e153c;cbc2a7e3-57ba-441e;9e30-dc701d0e153c;12-12-1990;18;65
3a83009b5b47;e528b4fd-89eb-448e-b2db-3a83009b5b47@gmail.com;e528b4fd-89eb-448e-b2db-3a83009b5b47;e528b4fd-89eb-448e;b2db-3a83009b5b47;11-11-1973;25;58
7ab712de43ff;12497642-31a6-46d4-8000-7ab712de43ff@gmail.com;12497642-31a6-46d4-8000-7ab712de43ff;12497642-31a6-46d4;8000-7ab712de43ff;19-10-1963;20;65
1a7b494f82c9;da492bf3-9f0b-4e76-aeb3-1a7b494f82c9@gmail.com;da492bf3-9f0b-4e76-aeb3-1a7b494f82c9;da492bf3-9f0b-4e76;aeb3-1a7b494f82c9;13-10-1972;25;67
95a6b67a39ef;d7c5da0b-4e3c-4a39-b0b2-95a6b67a39ef@gmail.com;d7c5da0b-4e3c-4a39-b0b2-95a6b67a39ef;d7c5da0b-4e3c-4a39;b0b2-95a6b67a39ef;10-10-1999;24;69
ab2635b80377;795bb0b5-0eae-464b-9179-ab2635b80377@gmail.com;795bb0b5-0eae-464b-9179-ab2635b80377;795bb0b5-0eae-464b;9179-ab2635b80377;12-11-1959;20;67
57fd2f8aec65;1888b2cf-6bd5-4159-a44a-57fd2f8aec65@gmail.com;1888b2cf-6bd5-4159-a44a-57fd2f8aec65;1888b2cf-6bd5-4159;a44a-57fd2f8aec65;16-10-1971;24;56
9139bfe90bf1;74b0cd75-9353-4748-9d3d-9139bfe90bf1@gmail.com;74b0cd75-9353-4748-9d3d-9139bfe90bf1;74b0cd75-9353-4748;9d3d-9139bfe90bf1;10-11-1977;18;58
3588a57bf4eb;bc38c63b-fc58-400f-9d02-3588a57bf4eb@gmail.com;bc38c63b-fc58-400f-9d02-3588a57bf4eb;bc38c63b-fc58-400f;9d02-3588a57bf4eb;17-11-1979;24;57
cda34f65e643;079cc009-2bc6-46a3-a0ee-cda34f65e643@gmail.com;079cc009-2bc6-46a3-a0ee-cda34f65e643;079cc009-2bc6-46a3;a0ee-cda34f65e643;22-12-1982;25;66
694f84c1fb57;f7611d1e-6e87-49c6-b498-694f84c1fb57@gmail.com;f7611d1e-6e87-49c6-b498-694f84c1fb57;f7611d1e-6e87-49c6;b498-694f84c1fb57;12-11-1957;21;67
86038cd42a46;8bc2239d-0a31-4e76-91c4-86038cd42a46@gmail.com;8bc2239d-0a31-4e76-91c4-86038cd42a46;8bc2239d-0a31-4e76;91c4-86038cd42a46;14-10-1957;21;62
a593b3788ca0;e8565dc8-218b-4796-a937-a593b3788ca0@gmail.com;e8565dc8-218b-4796-a937-a593b3788ca0;e8565dc8-218b-4796;a937-a593b3788ca0;21-12-1981;24;59
34cfb03de528;fdcd3ee8-fc3a-49ec-a282-34cfb03de528@gmail.com;fdcd3ee8-fc3a-49ec-a282-34cfb03de528;fdcd3ee8-fc3a-49ec;a282-34cfb03de528;15-10-1974;23;67
04ce25f2a649;c98237c8-8a1a-480c-b6f3-04ce25f2a649@gmail.com;c98237c8-8a1a-480c-b6f3-04ce25f2a649;c98237c8-8a1a-480c;b6f3-04ce25f2a649;11-12-1980;19;57
b501d0d27068;7f67d600-2e08-40f7-ac92-b501d0d27068@gmail.com;7f67d600-2e08-40f7-ac92-b501d0d27068;7f67d600-2e08-40f7;ac92-b501d0d27068;23-12-1984;24;61
1d4c4dcc3b7b;2050d07b-2a9f-44c4-ae6b-1d4c4dcc3b7b@gmail.com;2050d07b-2a9f-44c4-ae6b-1d4c4dcc3b7b;2050d07b-2a9f-44c4;ae6b-1d4c4dcc3b7b;18-11-1998;24;66
eb2a4767159e;c79559f7-0d34-4680-b7f1-eb2a4767159e@gmail.com;c79559f7-0d34-4680-b7f1-eb2a4767159e;c79559f7-0d34-4680;b7f1-eb2a4767159e;14-11-1993;20;63
dceb598d4a40;26b3ee5c-3a4e-4b03-90c6-dceb598d4a40@gmail.com;26b3ee5c-3a4e-4b03-90c6-dceb598d4a40;26b3ee5c-3a4e-4b03;90c6-dceb598d4a40;23-12-1994;20;69
65c3aa18da64;8f638eb1-5c80-4157-9dfa-65c3aa18da64@gmail.com;8f638eb1-5c80-4157-9dfa-65c3aa18da64;8f638eb1-5c80-4157;9dfa-65c3aa18da64;26-10-1998;21;66
24be674dee86;89fd4c45-ab06-4332-8d6d-24be674dee86@gmail.com;89fd4c45-ab06-4332-8d6d-24be674dee86;89fd4c45-ab06-4332;8d6d-24be674dee86;27-10-1957;22;57
9a4da35beabc;ce8dd397-9138-4da9-92d5-9a4da35beabc@gmail.com;ce8dd397-9138-4da9-92d5-9a4da35beabc;ce8dd397-9138-4da9;92d5-9a4da35beabc;21-10-1973;19;56
9445e721a8ca;dbadd4cc-f7ed-4142-a123-9445e721a8ca@gmail.com;dbadd4cc-f7ed-4142-a123-9445e721a8ca;dbadd4cc-f7ed-4142;a123-9445e721a8ca;24-11-1995;22;58
0539d8e1abe5;5fbe0b7c-035a-4f0c-a50d-0539d8e1abe5@gmail.com;5fbe0b7c-035a-4f0c-a50d-0539d8e1abe5;5fbe0b7c-035a-4f0c;a50d-0539d8e1abe5;23-10-1960;20;67
357cc6ba7257;221735b2-c162-43dd-9006-357cc6ba7257@gmail.com;221735b2-c162-43dd-9006-357cc6ba7257;221735b2-c162-43dd;9006-357cc6ba7257;13-11-2004;21;64
16471fad6a7b;5c2ea4b2-66fc-43ca-8885-16471fad6a7b@gmail.com;5c2ea4b2-66fc-43ca-8885-16471fad6a7b;5c2ea4b2-66fc-43ca;8885-16471fad6a7b;11-10-1986;19;70
9b835f409e2f;1715fcd7-91e9-4ad8-802f-9b835f409e2f@gmail.com;1715fcd7-91e9-4ad8-802f-9b835f409e2f;1715fcd7-91e9-4ad8;802f-9b835f409e2f;23-10-1954;22;55
1ed0bb51e0fe;ad97728b-28ee-45b4-9e73-1ed0bb51e0fe@gmail.com;ad97728b-28ee-45b4-9e73-1ed0bb51e0fe;ad97728b-28ee-45b4;9e73-1ed0bb51e0fe;16-11-1988;21;70
c1744ae861bf;a4bc24ff-0889-4d6d-9a95-c1744ae861bf@gmail.com;a4bc24ff-0889-4d6d-9a95-c1744ae861bf;a4bc24ff-0889-4d6d;9a95-c1744ae861bf;21-11-2002;19;62
53e2506f9cfc;27fb6e4a-87f7-4a4b-8b2b-53e2506f9cfc@gmail.com;27fb6e4a-87f7-4a4b-8b2b-53e2506f9cfc;27fb6e4a-87f7-4a4b;8b2b-53e2506f9cfc;20-11-1992;25;57
796afb9683a6;ed71d318-f28d-4b03-baef-796afb9683a6@gmail.com;ed71d318-f28d-4b03-baef-796afb9683a6;ed71d318-f28d-4b03;baef-796afb9683a6;21-10-1995;23;56
587c03dec666;c8fe6741-6cd0-4a2f-ab1b-587c03dec666@gmail.com;c8fe6741-6cd0-4a2f-ab1b-587c03dec666;c8fe6741-6cd0-4a2f;ab1b-587c03dec666;17-10-1966;22;58
0319d1936dc2;9c9dcb8b-97ce-43c2-8669-0319d1936dc2@gmail.com;9c9dcb8b-97ce-43c2-8669-0319d1936dc2;9c9dcb8b-97ce-43c2;8669-0319d1936dc2;11-10-1983;22;61
0b6a5d3b923c;4dfaa661-1196-4249-b91b-0b6a5d3b923c@gmail.com;4dfaa661-1196-4249-b91b-0b6a5d3b923c;4dfaa661-1196-4249;b91b-0b6a5d3b923c;13-12-1968;25;65
a65987e10d00;ed2b171f-75ad-41f5-aa83-a65987e10d00@gmail.com;ed2b171f-75ad-41f5-aa83-a65987e10d00;ed2b171f-75ad-41f5;aa83-a65987e10d00;19-10-1992;18;65
3552be3e599f;8a821b48-803a-46db-9403-3552be3e599f@gmail.com;8a821b48-803a-46db-9403-3552be3e599f;8a821b48-803a-46db;9403-3552be3e599f;14-11-1987;20;68
143ad38f2e74;8a94db2f-35a3-454b-87f9-143ad38f2e74@gmail.com;8a94db2f-35a3-454b-87f9-143ad38f2e74;8a94db2f-35a3-454b;87f9-143ad38f2e74;10-12-2000;23;64
b145e7501e30;f1b5acc3-2548-4b88-84b0-b145e7501e30@gmail.com;f1b5acc3-2548-4b88-84b0-b145e7501e30;f1b5acc3-2548-4b88;84b0-b145e7501e30;26-10-1990;22;68
17d927b5aed1;194e78fb-7ec1-4317-a5a0-17d927b5aed1@gmail.com;194e78fb-7ec1-4317-a5a0-17d927b5aed1;194e78fb-7ec1-4317;a5a0-17d927b5aed1;25-11-1961;18;70
d9457a73b918;1846cc6e-58a1-4407-aa3b-d9457a73b918@gmail.com;1846cc6e-58a1-4407-aa3b-d9457a73b918;1846cc6e-58a1-4407;aa3b-d9457a73b918;13-11-1979;20;59
70c3c0e985ec;2925ef1d-6f61-454a-8e21-70c3c0e985ec@gmail.com;2925ef1d-6f61-454a-8e21-70c3c0e985ec;2925ef1d-6f61-454a;8e21-70c3c0e985ec;21-11-1979;18;62
68320106f5c8;8216c8f2-3fd2-433b-a7a8-68320106f5c8@gmail.com;8216c8f2-3fd2-433b-a7a8-68320106f5c8;8216c8f2-3fd2-433b;a7a8-68320106f5c8;24-11-1990;18;60
142e390529bd;e0a3e1e7-1899-4f89-9f59-142e390529bd@gmail.com;e0a3e1e7-1899-4f89-9f59-142e390529bd;e0a3e1e7-1899-4f89;9f59-142e390529bd;26-12-1980;20;67
e7a7fc3a0b04;3f825255-8cdc-4cf9-84ce-e7a7fc3a0b04@gmail.com;3f825255-8cdc-4cf9-84ce-e7a7fc3a0b04;3f825255-8cdc-4cf9;84ce-e7a7fc3a0b04;21-12-1993;24;63
880d797ec235;eaf9a8e1-e6eb-41b5-855c-880d797ec235@gmail.com;eaf9a8e1-e6eb-41b5-855c-880d797ec235;eaf9a8e1-e6eb-41b5;855c-880d797ec235;18-10-1977;23;65
551cadc818da;ac35a704-fb2b-42b9-9038-551cadc818da@gmail.com;ac35a704-fb2b-42b9-9038-551cadc818da;ac35a704-fb2b-42b9;9038-551cadc818da;22-10-1956;23;61
8845e4791323;67a808fa-7d67-48ab-94b8-8845e4791323@gmail.com;67a808fa-7d67-48ab-94b8-8845e4791323;67a808fa-7d67-48ab;94b8-8845e4791323;27-12-1966;24;68
f4fd323a327c;ee12e66e-c91d-4094-ad3f-f4fd323a327c@gmail.com;ee12e66e-c91d-4094-ad3f-f4fd323a327c;ee12e66e-c91d-4094;ad3f-f4fd323a327c;22-10-1982;23;64
f68257a6ae17;5420f61a-a70a-454c-a740-f68257a6ae17@gmail.com;5420f61a-a70a-454c-a740-f68257a6ae17;5420f61a-a70a-454c;a740-f68257a6ae17;15-10-1994;19;58
03545350ca42;99bd457c-2b19-4245-978a-03545350ca42@gmail.com;99bd457c-2b19-4245-978a-03545350ca42;99bd457c-2b19-4245;978a-03545350ca42;23-12-2002;21;63
8dd8b773c6f1;4664c03c-35bd-4791-9565-8dd8b773c6f1@gmail.com;4664c03c-35bd-4791-9565-8dd8b773c6f1;4664c03c-35bd-4791;9565-8dd8b773c6f1;17-11-1980;25;70
7405051a2c8c;d0d85526-7acf-4113-aa29-7405051a2c8c@gmail.com;d0d85526-7acf-4113-aa29-7405051a2c8c;d0d85526-7acf-4113;aa29-7405051a2c8c;19-10-2001;20;59
d93c1bc20a38;90b7c3a2-0c48-4222-96a0-d93c1bc20a38@gmail.com;90b7c3a2-0c48-4222-96a0-d93c1bc20a38;90b7c3a2-0c48-4222;96a0-d93c1bc20a38;17-12-1973;18;68
3b648b729e0a;67e23d8b-8546-43d8-ba0c-3b648b729e0a@gmail.com;67e23d8b-8546-43d8-ba0c-3b648b729e0a;67e23d8b-8546-43d8;ba0c-3b648b729e0a;21-11-1960;19;66
bdefa69b964b;24d6fe77-c47b-49a7-bf0a-bdefa69b964b@gmail.com;24d6fe77-c47b-49a7-bf0a-bdefa69b964b;24d6fe77-c47b-49a7;bf0a-bdefa69b964b;11-11-1977;20;70
09555404071a;d2916825-6974-4e76-979e-09555404071a@gmail.com;d2916825-6974-4e76-979e-09555404071a;d2916825-6974-4e76;979e-09555404071a;21-11-1961;25;56
532d9279ff1b;d2d3120d-f0a6-4368-8a76-532d9279ff1b@gmail.com;d2d3120d-f0a6-4368-8a76-532d9279ff1b;d2d3120d-f0a6-4368;8a76-532d9279ff1b;18-11-1993;18;58
c8dc98620b45;1ea8ecd6-de2d-4f80-9380-c8dc98620b45@gmail.com;1ea8ecd6-de2d-4f80-9380-c8dc98620b45;1ea8ecd6-de2d-4f80;9380-c8dc98620b45;26-11-1970;20;70
cf4c7e27220c;29b3f818-bd1e-43a6-8310-cf4c7e27220c@gmail.com;29b3f818-bd1e-43a6-8310-cf4c7e27220c;29b3f818-bd1e-43a6;8310-cf4c7e27220c;20-12-1964;20;63
fd155e34f158;e689e4d7-a697-4359-a0a1-fd155e34f158@gmail.com;e689e4d7-a697-4359-a0a1-fd155e34f158;e689e4d7-a697-4359;a0a1-fd155e34f158;19-10-1990;25;69
1be752ae95ec;8a77a3ba-aa23-4200-a09c-1be752ae95ec@gmail.com;8a77a3ba-aa23-4200-a09c-1be752ae95ec;8a77a3ba-aa23-4200;a09c-1be752ae95ec;27-10-1954;19;55
80ee7ca811f4;0bb4ba50-4964-49e3-98e6-80ee7ca811f4@gmail.com;0bb4ba50-4964-49e3-98e6-80ee7ca811f4;0bb4ba50-4964-49e3;98e6-80ee7ca811f4;12-12-1966;20;59
55c36df40a68;8788057b-b1cb-415f-a13c-55c36df40a68@gmail.com;8788057b-b1cb-415f-a13c-55c36df40a68;8788057b-b1cb-415f;a13c-55c36df40a68;26-11-1993;23;69
187d393717fe;f2f391b6-8a34-40e5-b1d1-187d393717fe@gmail.com;f2f391b6-8a34-40e5-b1d1-187d393717fe;f2f391b6-8a34-40e5;b1d1-187d393717fe;21-11-2001;25;69
c9afda73ed29;62b9656a-b935-4162-a3f4-c9afda73ed29@gmail.com;62b9656a-b935-4162-a3f4-c9afda73ed29;62b9656a-b935-4162;a3f4-c9afda73ed29;27-10-1973;18;58
a40bc2f60dae;bb79ee09-0ee6-4d84-94a6-a40bc2f60dae@gmail.com;bb79ee09-0ee6-4d84-94a6-a40bc2f60dae;bb79ee09-0ee6-4d84;94a6-a40bc2f60dae;20-12-1992;19;68
9e99921f2d8a;7f866df7-b258-43bf-900f-9e99921f2d8a@gmail.com;7f866df7-b258-43bf-900f-9e99921f2d8a;7f866df7-b258-43bf;900f-9e99921f2d8a;20-10-1959;24;63
f8840ac1c0d7;e8f03682-76c9-4ebc-8db8-f8840ac1c0d7@gmail.com;e8f03682-76c9-4ebc-8db8-f8840ac1c0d7;e8f03682-76c9-4ebc;8db8-f8840ac1c0d7;12-12-1997;22;56
55ee96a09e60;ccef884f-55a9-48ef-940f-55ee96a09e60@gmail.com;ccef884f-55a9-48ef-940f-55ee96a09e60;ccef884f-55a9-48ef;940f-55ee96a09e60;25-12-1967;23;69
642460ab2bd1;67a64e17-bed7-45c2-a612-642460ab2bd1@gmail.com;67a64e17-bed7-45c2-a612-642460ab2bd1;67a64e17-bed7-45c2;a612-642460ab2bd1;18-10-1975;23;55
f7854ada2ee9;0a69b25d-a39b-4b94-af95-f7854ada2ee9@gmail.com;0a69b25d-a39b-4b94-af95-f7854ada2ee9;0a69b25d-a39b-4b94;af95-f7854ada2ee9;13-10-2003;25;59
a493741c5800;8231abc9-ac4b-44e6-a379-a493741c5800@gmail.com;8231abc9-ac4b-44e6-a379-a493741c5800;8231abc9-ac4b-44e6;a379-a493741c5800;27-10-1964;25;67
91561b957859;9c19468f-cbc4-432b-b408-91561b957859@gmail.com;9c19468f-cbc4-432b-b408-91561b957859;9c19468f-cbc4-432b;b408-91561b957859;13-10-1957;25;69
6c7a1630ee2f;34b0a649-2809-4fcb-8267-6c7a1630ee2f@gmail.com;34b0a649-2809-4fcb-8267-6c7a1630ee2f;34b0a649-2809-4fcb;8267-6c7a1630ee2f;14-12-1974;18;64
7b4b418bce1c;1bcc30ef-c84d-4726-8e8c-7b4b418bce1c@gmail.com;1bcc30ef-c84d-4726-8e8c-7b4b418bce1c;1bcc30ef-c84d-4726;8e8c-7b4b418bce1c;15-10-1992;22;55
bda512f82953;95ebec6a-85d3-442e-8863-bda512f82953@gmail.com;95ebec6a-85d3-442e-8863-bda512f82953;95ebec6a-85d3-442e;8863-bda512f82953;15-12-1978;21;64
a18956a012d3;99afda66-50ff-462a-a6a7-a18956a012d3@gmail.com;99afda66-50ff-462a-a6a7-a18956a012d3;99afda66-50ff-462a;a6a7-a18956a012d3;23-12-2000;23;69
134813c5cf0b;ed2da084-6f9f-485e-b9b2-134813c5cf0b@gmail.com;ed2da084-6f9f-485e-b9b2-134813c5cf0b;ed2da084-6f9f-485e;b9b2-134813c5cf0b;17-10-1961;21;55
afd293021cda;f6bafa9e-ceb1-46aa-aa77-afd293021cda@gmail.com;f6bafa9e-ceb1-46aa-aa77-afd293021cda;f6bafa9e-ceb1-46aa;aa77-afd293021cda;17-10-1966;21;56
917ee1fe3d91;7b845e09-2029-44e4-af1a-917ee1fe3d91@gmail.com;7b845e09-2029-44e4-af1a-917ee1fe3d91;7b845e09-2029-44e4;af1a-917ee1fe3d91;12-10-1959;23;59
58ee7af14087;2e470ed4-aaef-4454-8ac4-58ee7af14087@gmail.com;2e470ed4-aaef-4454-8ac4-58ee7af14087;2e470ed4-aaef-4454;8ac4-58ee7af14087;26-11-1976;23;69
b2e33bb8f988;bf61d7fc-175f-443c-ac0d-b2e33bb8f988@gmail.com;bf61d7fc-175f-443c-ac0d-b2e33bb8f988;bf61d7fc-175f-443c;ac0d-b2e33bb8f988;25-12-1966;19;56
daa431a2c524;14b4b40f-72d2-4a3d-b155-daa431a2c524@gmail.com;14b4b40f-72d2-4a3d-b155-daa431a2c524;14b4b40f-72d2-4a3d;b155-daa431a2c524;16-12-1996;21;63
8b7c15905ae7;bd5014d2-35b2-4b44-9146-8b7c15905ae7@gmail.com;bd5014d2-35b2-4b44-9146-8b7c15905ae7;bd5014d2-35b2-4b44;9146-8b7c15905ae7;25-10-1976;24;66
5c385ef27971;410c0a79-e49e-4109-a4c7-5c385ef27971@gmail.com;410c0a79-e49e-4109-a4c7-5c385ef27971;410c0a79-e49e-4109;a4c7-5c385ef27971;19-10-2002;18;55
783f36656d35;ac18d9ac-5ee8-4c2c-9e22-783f36656d35@gmail.com;ac18d9ac-5ee8-4c2c-9e22-783f36656d35;ac18d9ac-5ee8-4c2c;9e22-783f36656d35;16-11-1985;19;60
ae46f4d3b02f;ad2bc673-5abf-4847-ab7e-ae46f4d3b02f@gmail.com;ad2bc673-5abf-4847-ab7e-ae46f4d3b02f;ad2bc673-5abf-4847;ab7e-ae46f4d3b02f;17-12-1973;22;60
96fea5a94f5d;b33ae69e-485a-40ac-86d5-96fea5a94f5d@gmail.com;b33ae69e-485a-40ac-86d5-96fea5a94f5d;b33ae69e-485a-40ac;86d5-96fea5a94f5d;24-10-1963;20;70
b390c85f4bd0;093370d4-5b1d-4660-87d3-b390c85f4bd0@gmail.com;093370d4-5b1d-4660-87d3-b390c85f4bd0;093370d4-5b1d-4660;87d3-b390c85f4bd0;15-10-1954;25;59
bb537ad4f819;8a3629cb-0078-498c-983c-bb537ad4f819@gmail.com;8a3629cb-0078-498c-983c-bb537ad4f819;8a3629cb-0078-498c;983c-bb537ad4f819;17-11-1973;18;67
0f17c3167757;2275601c-82b8-4f18-82c1-0f17c3167757@gmail.com;2275601c-82b8-4f18-82c1-0f17c3167757;2275601c-82b8-4f18;82c1-0f17c3167757;13-12-1994;21;65
35eb0209fb7a;e87c1e77-96bf-4568-a63d-35eb0209fb7a@gmail.com;e87c1e77-96bf-4568-a63d-35eb0209fb7a;e87c1e77-96bf-4568;a63d-35eb0209fb7a;16-11-1980;23;60
207c41cd4c7f;dce3d4b7-faa7-49a6-94a7-207c41cd4c7f@gmail.com;dce3d4b7-faa7-49a6-94a7-207c41cd4c7f;dce3d4b7-faa7-49a6;94a7-207c41cd4c7f;23-11-1957;19;65
e005de9b2621;94d1f119-35f0-43c0-a288-e005de9b2621@gmail.com;94d1f119-35f0-43c0-a288-e005de9b2621;94d1f119-35f0-43c0;a288-e005de9b2621;21-10-1994;24;62
328c45b8e57e;ade9f768-8fa8-44c9-9581-328c45b8e57e@gmail.com;ade9f768-8fa8-44c9-9581-328c45b8e57e;ade9f768-8fa8-44c9;9581-328c45b8e57e;15-11-1974;21;68
ae1aca082970;dc571186-5b1d-424a-a576-ae1aca082970@gmail.com;dc571186-5b1d-424a-a576-ae1aca082970;dc571186-5b1d-424a;a576-ae1aca082970;13-10-1954;23;55
8fa4b23bc899;79f77288-a0ce-4f5b-b2e5-8fa4b23bc899@gmail.com;79f77288-a0ce-4f5b-b2e5-8fa4b23bc899;79f77288-a0ce-4f5b;b2e5-8fa4b23bc899;26-11-1976;19;58
6e6f2edccdae;d27a22a2-78c4-413b-bbcd-6e6f2edccdae@gmail.com;d27a22a2-78c4-413b-bbcd-6e6f2edccdae;d27a22a2-78c4-413b;bbcd-6e6f2edccdae;11-12-1966;19;67
ebd0dde43a0b;3a807592-5f4b-4962-b146-ebd0dde43a0b@gmail.com;3a807592-5f4b-4962-b146-ebd0dde43a0b;3a807592-5f4b-4962;b146-ebd0dde43a0b;21-11-2004;24;58
62e47b197e06;84e1b347-891e-4d36-a744-62e47b197e06@gmail.com;84e1b347-891e-4d36-a744-62e47b197e06;84e1b347-891e-4d36;a744-62e47b197e06;17-10-1974;25;57
82906bc6ae06;43e4b58d-64d2-419f-9d3e-82906bc6ae06@gmail.com;43e4b58d-64d2-419f-9d3e-82906bc6ae06;43e4b58d-64d2-419f;9d3e-82906bc6ae06;17-10-1966;22;61
104dc94c9b0e;410400d2-3fbf-4a78-8c17-104dc94c9b0e@gmail.com;410400d2-3fbf-4a78-8c17-104dc94c9b0e;410400d2-3fbf-4a78;8c17-104dc94c9b0e;25-11-2001;20;62
15468e304996;e4b2be71-d4c2-487e-ac8c-15468e304996@gmail.com;e4b2be71-d4c2-487e-ac8c-15468e304996;e4b2be71-d4c2-487e;ac8c-15468e304996;16-12-1966;21;65
154ff856b979;7d3e821f-f931-4a6e-9ca5-154ff856b979@gmail.com;7d3e821f-f931-4a6e-9ca5-154ff856b979;7d3e821f-f931-4a6e;9ca5-154ff856b979;27-11-1960;19;67
d20fa8e94107;9d8aae5a-4ae0-409f-8048-d20fa8e94107@gmail.com;9d8aae5a-4ae0-409f-8048-d20fa8e94107;9d8aae5a-4ae0-409f;8048-d20fa8e94107;23-11-1994;23;63
ad83e7865825;5704455f-4055-4cce-854d-ad83e7865825@gmail.com;5704455f-4055-4cce-854d-ad83e7865825;5704455f-4055-4cce;854d-ad83e7865825;19-10-1981;22;65
e2a57b992905;8e457dba-af7a-4057-88d9-e2a57b992905@gmail.com;8e457dba-af7a-4057-88d9-e2a57b992905;8e457dba-af7a-4057;88d9-e2a57b992905;12-11-1992;21;63
b8c7348085c8;ab38dc73-cc2f-4e82-be45-b8c7348085c8@gmail.com;ab38dc73-cc2f-4e82-be45-b8c7348085c8;ab38dc73-cc2f-4e82;be45-b8c7348085c8;27-10-1955;22;65
600f837c63b3;d6072b5f-3263-4d29-a496-600f837c63b3@gmail.com;d6072b5f-3263-4d29-a496-600f837c63b3;d6072b5f-3263-4d29;a496-600f837c63b3;17-12-1969;20;64
510d2d794467;02619043-2ae1-464a-9187-510d2d794467@gmail.com;02619043-2ae1-464a-9187-510d2d794467;02619043-2ae1-464a;9187-510d2d794467;17-10-1963;21;64
ecc91f86eed7;c13a3a6c-b3da-4e53-b225-ecc91f86eed7@gmail.com;c13a3a6c-b3da-4e53-b225-ecc91f86eed7;c13a3a6c-b3da-4e53;b225-ecc91f86eed7;22-12-2002;24;64
a29c858e8744;32177bc0-87de-43ec-9846-a29c858e8744@gmail.com;32177bc0-87de-43ec-9846-a29c858e8744;32177bc0-87de-43ec;9846-a29c858e8744;23-10-1986;21;61
36f5b3d039dd;2228bece-6cbc-48c8-8fc6-36f5b3d039dd@gmail.com;2228bece-6cbc-48c8-8fc6-36f5b3d039dd;2228bece-6cbc-48c8;8fc6-36f5b3d039dd;26-11-1986;18;55
e66cbc70083d;08a09738-821c-46c4-8335-e66cbc70083d@gmail.com;08a09738-821c-46c4-8335-e66cbc70083d;08a09738-821c-46c4;8335-e66cbc70083d;27-12-1980;20;66
803689c9aad6;cd4bdecf-1865-4462-b2a3-803689c9aad6@gmail.com;cd4bdecf-1865-4462-b2a3-803689c9aad6;cd4bdecf-1865-4462;b2a3-803689c9aad6;10-12-1957;22;56
ea87e09019a9;5d472b06-51bf-4096-b1e9-ea87e09019a9@gmail.com;5d472b06-51bf-4096-b1e9-ea87e09019a9;5d472b06-51bf-4096;b1e9-ea87e09019a9;11-10-1972;23;60
48208111b3f6;78f64042-520f-488d-8f3c-48208111b3f6@gmail.com;78f64042-520f-488d-8f3c-48208111b3f6;78f64042-520f-488d;8f3c-48208111b3f6;27-12-1991;19;56
6fd735e7bcba;753431d9-5a66-40e8-b48e-6fd735e7bcba@gmail.com;753431d9-5a66-40e8-b48e-6fd735e7bcba;753431d9-5a66-40e8;b48e-6fd735e7bcba;11-11-1973;22;56
a1f18a32f76d;b69c921c-d38d-485a-bbcb-a1f18a32f76d@gmail.com;b69c921c-d38d-485a-bbcb-a1f18a32f76d;b69c921c-d38d-485a;bbcb-a1f18a32f76d;10-12-1998;19;63
2161996705bc;6d31a3ad-428a-4f4a-989a-2161996705bc@gmail.com;6d31a3ad-428a-4f4a-989a-2161996705bc;6d31a3ad-428a-4f4a;989a-2161996705bc;23-10-2001;18;55
c7f95637f38d;e9d868cf-0aad-4845-8e9c-c7f95637f38d@gmail.com;e9d868cf-0aad-4845-8e9c-c7f95637f38d;e9d868cf-0aad-4845;8e9c-c7f95637f38d;10-10-1991;18;64
9b23ae412d49;fe763ce8-f231-47ad-973d-9b23ae412d49@gmail.com;fe763ce8-f231-47ad-973d-9b23ae412d49;fe763ce8-f231-47ad;973d-9b23ae412d49;12-11-1959;20;60
0d4eb16bba53;c3ef8389-66b4-4b5a-b908-0d4eb16bba53@gmail.com;c3ef8389-66b4-4b5a-b908-0d4eb16bba53;c3ef8389-66b4-4b5a;b908-0d4eb16bba53;17-12-1973;20;55
d5be8b22e4f1;b3924869-a0c9-4d8c-b6e9-d5be8b22e4f1@gmail.com;b3924869-a0c9-4d8c-b6e9-d5be8b22e4f1;b3924869-a0c9-4d8c;b6e9-d5be8b22e4f1;18-10-1994;19;60
b1e51585e326;4bca8a43-3c97-43f5-b351-b1e51585e326@gmail.com;4bca8a43-3c97-43f5-b351-b1e51585e326;4bca8a43-3c97-43f5;b351-b1e51585e326;21-10-1965;18;58
729c79b13297;f8673a93-794e-44d2-af6f-729c79b13297@gmail.com;f8673a93-794e-44d2-af6f-729c79b13297;f8673a93-794e-44d2;af6f-729c79b13297;20-12-1959;24;66
5e568c1f9506;0cef0122-a734-4040-8576-5e568c1f9506@gmail.com;0cef0122-a734-4040-8576-5e568c1f9506;0cef0122-a734-4040;8576-5e568c1f9506;22-11-1965;25;55
f31b7a53ecf4;41fadc55-7cf7-4cc7-b9a0-f31b7a53ecf4@gmail.com;41fadc55-7cf7-4cc7-b9a0-f31b7a53ecf4;41fadc55-7cf7-4cc7;b9a0-f31b7a53ecf4;13-11-1973;25;64
7edf1b0bf5bc;84c94991-f3e0-4eb5-a5da-7edf1b0bf5bc@gmail.com;84c94991-f3e0-4eb5-a5da-7edf1b0bf5bc;84c94991-f3e0-4eb5;a5da-7edf1b0bf5bc;13-10-1976;22;60
31309e3eb055;4a6f0ebd-2cf1-47d4-9dbf-31309e3eb055@gmail.com;4a6f0ebd-2cf1-47d4-9dbf-31309e3eb055;4a6f0ebd-2cf1-47d4;9dbf-31309e3eb055;19-10-1999;23;69
58fbbddf89d0;97aa93bb-e1d1-4b3c-b760-58fbbddf89d0@gmail.com;97aa93bb-e1d1-4b3c-b760-58fbbddf89d0;97aa93bb-e1d1-4b3c;b760-58fbbddf89d0;13-10-1969;21;61
5fab7ca06074;5e4e6f3d-f199-4f8e-8c82-5fab7ca06074@gmail.com;5e4e6f3d-f199-4f8e-8c82-5fab7ca06074;5e4e6f3d-f199-4f8e;8c82-5fab7ca06074;25-11-1997;21;64
d884535b7158;fd4c362e-b921-4519-8856-d884535b7158@gmail.com;fd4c362e-b921-4519-8856-d884535b7158;fd4c362e-b921-4519;8856-d884535b7158;25-12-1993;23;58
6a4323b8b9ba;42cd78aa-9a40-4b36-b6d1-6a4323b8b9ba@gmail.com;42cd78aa-9a40-4b36-b6d1-6a4323b8b9ba;42cd78aa-9a40-4b36;b6d1-6a4323b8b9ba;24-11-1971;24;58
9d0b280a330b;21970618-506d-4b15-a2fb-9d0b280a330b@gmail.com;21970618-506d-4b15-a2fb-9d0b280a330b;21970618-506d-4b15;a2fb-9d0b280a330b;19-10-1960;21;70
c90309b0a26d;5ffe7620-dd5e-434a-b8f4-c90309b0a26d@gmail.com;5ffe7620-dd5e-434a-b8f4-c90309b0a26d;5ffe7620-dd5e-434a;b8f4-c90309b0a26d;21-11-1977;18;56
1466675a63e1;503422ae-105b-4cbd-b0bc-1466675a63e1@gmail.com;503422ae-105b-4cbd-b0bc-1466675a63e1;503422ae-105b-4cbd;b0bc-1466675a63e1;16-12-1980;19;66
a71c0632890d;85d40dd8-d652-414a-a1d2-a71c0632890d@gmail.com;85d40dd8-d652-414a-a1d2-a71c0632890d;85d40dd8-d652-414a;a1d2-a71c0632890d;13-12-2000;20;70
def5ea2856a5;03aa9358-c57d-4565-8744-def5ea2856a5@gmail.com;03aa9358-c57d-4565-8744-def5ea2856a5;03aa9358-c57d-4565;8744-def5ea2856a5;16-10-1978;19;55